row_id,num_sold
26298,379.0
26299,586.0
26300,169.0
26301,660.0
26302,1024.0
26303,294.0
26304,572.0
26305,889.0
26306,256.0
26307,1002.0
26308,1553.0
26309,447.0
26310,421.0
26311,652.0
26312,188.0
26313,736.0
26314,1140.0
26315,329.0
26316,318.0
26317,494.0
26318,141.0
26319,556.0
26320,861.0
26321,248.0
26322,467.0
26323,728.0
26324,208.0
26325,819.0
26326,1274.0
26327,365.0
26328,353.0
26329,546.0
26330,157.0
26331,617.0
26332,955.0
26333,275.0
26334,274.0
26335,425.0
26336,121.0
26337,478.0
26338,742.0
26339,212.0
26340,413.0
26341,650.0
26342,185.0
26343,726.0
26344,1142.0
26345,325.0
26346,319.0
26347,499.0
26348,142.0
26349,557.0
26350,872.0
26351,248.0
26352,272.0
26353,424.0
26354,120.0
26355,474.0
26356,738.0
26357,210.0
26358,429.0
26359,667.0
26360,189.0
26361,749.0
26362,1168.0
26363,332.0
26364,332.0
26365,521.0
26366,147.0
26367,579.0
26368,908.0
26369,257.0
26370,327.0
26371,511.0
26372,145.0
26373,571.0
26374,895.0
26375,254.0
26376,511.0
26377,807.0
26378,228.0
26379,899.0
26380,1413.0
26381,399.0
26382,387.0
26383,610.0
26384,172.0
26385,677.0
26386,1066.0
26387,301.0
26388,328.0
26389,516.0
26390,146.0
26391,571.0
26392,899.0
26393,254.0
26394,507.0
26395,802.0
26396,227.0
26397,884.0
26398,1396.0
26399,395.0
26400,381.0
26401,601.0
26402,170.0
26403,663.0
26404,1050.0
26405,297.0
26406,256.0
26407,405.0
26408,114.0
26409,447.0
26410,703.0
26411,198.0
26412,384.0
26413,604.0
26414,170.0
26415,667.0
26416,1055.0
26417,296.0
26418,289.0
26419,456.0
26420,128.0
26421,505.0
26422,798.0
26423,224.0
26424,260.0
26425,411.0
26426,114.0
26427,451.0
26428,714.0
26429,200.0
26430,375.0
26431,594.0
26432,167.0
26433,650.0
26434,1035.0
26435,290.0
26436,288.0
26437,455.0
26438,127.0
26439,501.0
26440,794.0
26441,222.0
26442,261.0
26443,414.0
26444,115.0
26445,452.0
26446,717.0
26447,201.0
26448,361.0
26449,575.0
26450,161.0
26451,624.0
26452,996.0
26453,279.0
26454,277.0
26455,441.0
26456,122.0
26457,481.0
26458,765.0
26459,213.0
26460,262.0
26461,417.0
26462,116.0
26463,457.0
26464,726.0
26465,202.0
26466,349.0
26467,551.0
26468,152.0
26469,600.0
26470,961.0
26471,266.0
26472,286.0
26473,456.0
26474,125.0
26475,495.0
26476,789.0
26477,219.0
26478,273.0
26479,436.0
26480,120.0
26481,473.0
26482,756.0
26483,210.0
26484,368.0
26485,587.0
26486,162.0
26487,635.0
26488,1017.0
26489,282.0
26490,294.0
26491,470.0
26492,129.0
26493,509.0
26494,812.0
26495,225.0
26496,315.0
26497,507.0
26498,139.0
26499,546.0
26500,880.0
26501,243.0
26502,434.0
26503,698.0
26504,193.0
26505,753.0
26506,1212.0
26507,337.0
26508,335.0
26509,540.0
26510,149.0
26511,584.0
26512,939.0
26513,259.0
26514,300.0
26515,489.0
26516,134.0
26517,524.0
26518,846.0
26519,233.0
26520,428.0
26521,698.0
26522,192.0
26523,749.0
26524,1215.0
26525,335.0
26526,316.0
26527,516.0
26528,142.0
26529,553.0
26530,896.0
26531,247.0
26532,225.0
26533,368.0
26534,101.0
26535,391.0
26536,634.0
26537,175.0
26538,343.0
26539,559.0
26540,154.0
26541,598.0
26542,973.0
26543,268.0
26544,251.0
26545,410.0
26546,112.0
26547,438.0
26548,709.0
26549,195.0
26550,223.0
26551,365.0
26552,100.0
26553,388.0
26554,631.0
26555,173.0
26556,343.0
26557,563.0
26558,154.0
26559,599.0
26560,979.0
26561,268.0
26562,239.0
26563,392.0
26564,106.0
26565,416.0
26566,678.0
26567,185.0
26568,222.0
26569,364.0
26570,99.0
26571,386.0
26572,630.0
26573,172.0
26574,343.0
26575,565.0
26576,154.0
26577,601.0
26578,984.0
26579,267.0
26580,238.0
26581,391.0
26582,106.0
26583,416.0
26584,679.0
26585,184.0
26586,224.0
26587,369.0
26588,100.0
26589,388.0
26590,634.0
26591,172.0
26592,345.0
26593,567.0
26594,154.0
26595,601.0
26596,987.0
26597,268.0
26598,238.0
26599,393.0
26600,106.0
26601,416.0
26602,681.0
26603,184.0
26604,234.0
26605,388.0
26606,104.0
26607,408.0
26608,669.0
26609,182.0
26610,364.0
26611,602.0
26612,163.0
26613,632.0
26614,1040.0
26615,282.0
26616,251.0
26617,415.0
26618,112.0
26619,436.0
26620,717.0
26621,194.0
26622,279.0
26623,463.0
26624,123.0
26625,485.0
26626,800.0
26627,216.0
26628,435.0
26629,721.0
26630,193.0
26631,756.0
26632,1248.0
26633,336.0
26634,299.0
26635,496.0
26636,133.0
26637,519.0
26638,855.0
26639,230.0
26640,280.0
26641,466.0
26642,125.0
26643,487.0
26644,806.0
26645,216.0
26646,434.0
26647,721.0
26648,194.0
26649,754.0
26650,1253.0
26651,336.0
26652,300.0
26653,498.0
26654,133.0
26655,519.0
26656,859.0
26657,231.0
26658,222.0
26659,372.0
26660,99.0
26661,387.0
26662,645.0
26663,173.0
26664,343.0
26665,577.0
26666,154.0
26667,600.0
26668,1000.0
26669,269.0
26670,236.0
26671,397.0
26672,106.0
26673,414.0
26674,689.0
26675,184.0
26676,221.0
26677,372.0
26678,99.0
26679,386.0
26680,647.0
26681,172.0
26682,342.0
26683,578.0
26684,155.0
26685,597.0
26686,1000.0
26687,268.0
26688,236.0
26689,397.0
26690,106.0
26691,411.0
26692,690.0
26693,184.0
26694,222.0
26695,375.0
26696,99.0
26697,386.0
26698,649.0
26699,172.0
26700,342.0
26701,580.0
26702,154.0
26703,596.0
26704,1005.0
26705,267.0
26706,237.0
26707,400.0
26708,106.0
26709,412.0
26710,693.0
26711,184.0
26712,221.0
26713,376.0
26714,99.0
26715,385.0
26716,652.0
26717,172.0
26718,342.0
26719,582.0
26720,154.0
26721,596.0
26722,1008.0
26723,267.0
26724,237.0
26725,403.0
26726,106.0
26727,412.0
26728,697.0
26729,184.0
26730,231.0
26731,395.0
26732,104.0
26733,403.0
26734,685.0
26735,180.0
26736,358.0
26737,613.0
26738,162.0
26739,625.0
26740,1062.0
26741,281.0
26742,248.0
26743,423.0
26744,111.0
26745,433.0
26746,736.0
26747,194.0
26748,274.0
26749,468.0
26750,123.0
26751,479.0
26752,814.0
26753,214.0
26754,426.0
26755,731.0
26756,192.0
26757,746.0
26758,1271.0
26759,334.0
26760,294.0
26761,504.0
26762,132.0
26763,515.0
26764,876.0
26765,230.0
26766,273.0
26767,470.0
26768,122.0
26769,478.0
26770,816.0
26771,213.0
26772,425.0
26773,732.0
26774,192.0
26775,740.0
26776,1268.0
26777,333.0
26778,295.0
26779,506.0
26780,133.0
26781,514.0
26782,881.0
26783,231.0
26784,217.0
26785,375.0
26786,98.0
26787,380.0
26788,655.0
26789,171.0
26790,338.0
26791,584.0
26792,154.0
26793,591.0
26794,1016.0
26795,266.0
26796,235.0
26797,406.0
26798,106.0
26799,411.0
26800,707.0
26801,185.0
26802,218.0
26803,378.0
26804,98.0
26805,382.0
26806,657.0
26807,171.0
26808,340.0
26809,588.0
26810,154.0
26811,593.0
26812,1022.0
26813,267.0
26814,236.0
26815,408.0
26816,106.0
26817,412.0
26818,710.0
26819,185.0
26820,219.0
26821,380.0
26822,98.0
26823,382.0
26824,661.0
26825,172.0
26826,342.0
26827,592.0
26828,154.0
26829,593.0
26830,1025.0
26831,268.0
26832,236.0
26833,411.0
26834,107.0
26835,412.0
26836,713.0
26837,185.0
26838,221.0
26839,382.0
26840,98.0
26841,383.0
26842,665.0
26843,172.0
26844,343.0
26845,595.0
26846,154.0
26847,596.0
26848,1034.0
26849,268.0
26850,237.0
26851,413.0
26852,106.0
26853,413.0
26854,716.0
26855,185.0
26856,232.0
26857,403.0
26858,104.0
26859,404.0
26860,702.0
26861,180.0
26862,360.0
26863,628.0
26864,161.0
26865,627.0
26866,1090.0
26867,279.0
26868,249.0
26869,434.0
26870,111.0
26871,433.0
26872,755.0
26873,194.0
26874,276.0
26875,482.0
26876,123.0
26877,479.0
26878,838.0
26879,215.0
26880,427.0
26881,747.0
26882,192.0
26883,743.0
26884,1302.0
26885,334.0
26886,296.0
26887,518.0
26888,133.0
26889,515.0
26890,902.0
26891,232.0
26892,275.0
26893,483.0
26894,124.0
26895,478.0
26896,841.0
26897,216.0
26898,427.0
26899,751.0
26900,193.0
26901,742.0
26902,1305.0
26903,335.0
26904,295.0
26905,519.0
26906,133.0
26907,513.0
26908,902.0
26909,232.0
26910,218.0
26911,387.0
26912,99.0
26913,381.0
26914,674.0
26915,172.0
26916,341.0
26917,602.0
26918,154.0
26919,592.0
26920,1047.0
26921,268.0
26922,234.0
26923,415.0
26924,106.0
26925,409.0
26926,724.0
26927,184.0
26928,217.0
26929,386.0
26930,98.0
26931,380.0
26932,674.0
26933,170.0
26934,338.0
26935,601.0
26936,153.0
26937,591.0
26938,1048.0
26939,267.0
26940,234.0
26941,416.0
26942,106.0
26943,408.0
26944,725.0
26945,184.0
26946,216.0
26947,386.0
26948,98.0
26949,378.0
26950,674.0
26951,171.0
26952,337.0
26953,602.0
26954,152.0
26955,589.0
26956,1049.0
26957,266.0
26958,232.0
26959,417.0
26960,105.0
26961,406.0
26962,725.0
26963,184.0
26964,216.0
26965,388.0
26966,98.0
26967,377.0
26968,676.0
26969,171.0
26970,336.0
26971,603.0
26972,152.0
26973,587.0
26974,1053.0
26975,266.0
26976,232.0
26977,417.0
26978,105.0
26979,405.0
26980,727.0
26981,183.0
26982,226.0
26983,408.0
26984,103.0
26985,394.0
26986,711.0
26987,180.0
26988,351.0
26989,634.0
26990,160.0
26991,614.0
26992,1107.0
26993,278.0
26994,242.0
26995,438.0
26996,110.0
26997,424.0
26998,765.0
26999,192.0
27000,269.0
27001,486.0
27002,122.0
27003,469.0
27004,847.0
27005,214.0
27006,420.0
27007,755.0
27008,191.0
27009,732.0
27010,1321.0
27011,332.0
27012,289.0
27013,522.0
27014,131.0
27015,505.0
27016,912.0
27017,230.0
27018,268.0
27019,487.0
27020,122.0
27021,467.0
27022,848.0
27023,213.0
27024,418.0
27025,760.0
27026,188.0
27027,729.0
27028,1319.0
27029,327.0
27030,287.0
27031,524.0
27032,131.0
27033,502.0
27034,914.0
27035,230.0
27036,216.0
27037,394.0
27038,100.0
27039,374.0
27040,683.0
27041,173.0
27042,336.0
27043,613.0
27044,154.0
27045,585.0
27046,1064.0
27047,267.0
27048,231.0
27049,422.0
27050,106.0
27051,401.0
27052,734.0
27053,185.0
27054,216.0
27055,395.0
27056,99.0
27057,373.0
27058,685.0
27059,171.0
27060,337.0
27061,615.0
27062,153.0
27063,585.0
27064,1069.0
27065,267.0
27066,231.0
27067,424.0
27068,105.0
27069,402.0
27070,736.0
27071,184.0
27072,214.0
27073,393.0
27074,98.0
27075,372.0
27076,685.0
27077,170.0
27078,334.0
27079,616.0
27080,153.0
27081,581.0
27082,1070.0
27083,266.0
27084,230.0
27085,423.0
27086,105.0
27087,400.0
27088,736.0
27089,183.0
27090,215.0
27091,397.0
27092,98.0
27093,374.0
27094,690.0
27095,170.0
27096,335.0
27097,620.0
27098,154.0
27099,586.0
27100,1079.0
27101,267.0
27102,230.0
27103,425.0
27104,105.0
27105,401.0
27106,740.0
27107,183.0
27108,226.0
27109,417.0
27110,103.0
27111,392.0
27112,725.0
27113,179.0
27114,352.0
27115,653.0
27116,161.0
27117,615.0
27118,1137.0
27119,281.0
27120,242.0
27121,447.0
27122,111.0
27123,422.0
27124,779.0
27125,193.0
27126,268.0
27127,497.0
27128,122.0
27129,467.0
27130,866.0
27131,213.0
27132,419.0
27133,776.0
27134,191.0
27135,731.0
27136,1353.0
27137,334.0
27138,288.0
27139,533.0
27140,131.0
27141,502.0
27142,930.0
27143,230.0
27144,268.0
27145,499.0
27146,122.0
27147,467.0
27148,870.0
27149,213.0
27150,417.0
27151,777.0
27152,191.0
27153,730.0
27154,1355.0
27155,333.0
27156,288.0
27157,536.0
27158,131.0
27159,502.0
27160,934.0
27161,230.0
27162,213.0
27163,400.0
27164,97.0
27165,372.0
27166,698.0
27167,171.0
27168,332.0
27169,621.0
27170,152.0
27171,578.0
27172,1086.0
27173,267.0
27174,229.0
27175,430.0
27176,105.0
27177,400.0
27178,750.0
27179,184.0
27180,214.0
27181,403.0
27182,98.0
27183,371.0
27184,699.0
27185,172.0
27186,331.0
27187,625.0
27188,153.0
27189,578.0
27190,1088.0
27191,266.0
27192,229.0
27193,432.0
27194,106.0
27195,398.0
27196,752.0
27197,184.0
27198,214.0
27199,404.0
27200,99.0
27201,372.0
27202,703.0
27203,172.0
27204,329.0
27205,625.0
27206,153.0
27207,575.0
27208,1092.0
27209,266.0
27210,229.0
27211,434.0
27212,106.0
27213,398.0
27214,755.0
27215,184.0
27216,213.0
27217,405.0
27218,98.0
27219,371.0
27220,703.0
27221,171.0
27222,330.0
27223,627.0
27224,152.0
27225,575.0
27226,1092.0
27227,266.0
27228,228.0
27229,435.0
27230,106.0
27231,398.0
27232,756.0
27233,184.0
27234,222.0
27235,425.0
27236,103.0
27237,387.0
27238,737.0
27239,179.0
27240,348.0
27241,662.0
27242,161.0
27243,606.0
27244,1151.0
27245,280.0
27246,240.0
27247,458.0
27248,111.0
27249,417.0
27250,795.0
27251,193.0
27252,264.0
27253,506.0
27254,123.0
27255,460.0
27256,880.0
27257,214.0
27258,410.0
27259,789.0
27260,191.0
27261,720.0
27262,1373.0
27263,333.0
27264,284.0
27265,543.0
27266,132.0
27267,494.0
27268,946.0
27269,229.0
27270,265.0
27271,507.0
27272,122.0
27273,460.0
27274,881.0
27275,214.0
27276,414.0
27277,793.0
27278,192.0
27279,719.0
27280,1377.0
27281,334.0
27282,283.0
27283,544.0
27284,132.0
27285,493.0
27286,946.0
27287,229.0
27288,209.0
27289,404.0
27290,98.0
27291,365.0
27292,704.0
27293,171.0
27294,330.0
27295,635.0
27296,154.0
27297,574.0
27298,1103.0
27299,267.0
27300,225.0
27301,435.0
27302,105.0
27303,392.0
27304,757.0
27305,183.0
27306,209.0
27307,404.0
27308,98.0
27309,365.0
27310,705.0
27311,171.0
27312,329.0
27313,635.0
27314,153.0
27315,576.0
27316,1109.0
27317,268.0
27318,224.0
27319,434.0
27320,105.0
27321,392.0
27322,758.0
27323,183.0
27324,208.0
27325,405.0
27326,98.0
27327,364.0
27328,706.0
27329,171.0
27330,326.0
27331,632.0
27332,153.0
27333,572.0
27334,1107.0
27335,268.0
27336,224.0
27337,434.0
27338,105.0
27339,390.0
27340,758.0
27341,183.0
27342,208.0
27343,405.0
27344,97.0
27345,364.0
27346,709.0
27347,171.0
27348,325.0
27349,632.0
27350,152.0
27351,571.0
27352,1110.0
27353,268.0
27354,222.0
27355,433.0
27356,105.0
27357,389.0
27358,760.0
27359,183.0
27360,218.0
27361,426.0
27362,103.0
27363,382.0
27364,746.0
27365,180.0
27366,340.0
27367,667.0
27368,160.0
27369,598.0
27370,1170.0
27371,282.0
27372,232.0
27373,457.0
27374,109.0
27375,408.0
27376,802.0
27377,193.0
27378,258.0
27379,508.0
27380,122.0
27381,454.0
27382,891.0
27383,215.0
27384,405.0
27385,796.0
27386,191.0
27387,711.0
27388,1394.0
27389,336.0
27390,277.0
27391,545.0
27392,131.0
27393,485.0
27394,955.0
27395,230.0
27396,258.0
27397,512.0
27398,122.0
27399,453.0
27400,894.0
27401,215.0
27402,402.0
27403,796.0
27404,191.0
27405,707.0
27406,1391.0
27407,334.0
27408,276.0
27409,548.0
27410,132.0
27411,484.0
27412,958.0
27413,230.0
27414,207.0
27415,411.0
27416,98.0
27417,362.0
27418,717.0
27419,172.0
27420,322.0
27421,638.0
27422,153.0
27423,564.0
27424,1116.0
27425,267.0
27426,221.0
27427,439.0
27428,105.0
27429,387.0
27430,767.0
27431,184.0
27432,208.0
27433,413.0
27434,99.0
27435,363.0
27436,721.0
27437,173.0
27438,323.0
27439,642.0
27440,154.0
27441,564.0
27442,1120.0
27443,269.0
27444,222.0
27445,440.0
27446,106.0
27447,387.0
27448,771.0
27449,184.0
27450,208.0
27451,414.0
27452,99.0
27453,362.0
27454,721.0
27455,173.0
27456,325.0
27457,644.0
27458,154.0
27459,565.0
27460,1123.0
27461,268.0
27462,222.0
27463,442.0
27464,106.0
27465,387.0
27466,771.0
27467,184.0
27468,207.0
27469,413.0
27470,98.0
27471,360.0
27472,718.0
27473,172.0
27474,324.0
27475,644.0
27476,153.0
27477,564.0
27478,1124.0
27479,268.0
27480,222.0
27481,443.0
27482,105.0
27483,385.0
27484,771.0
27485,184.0
27486,216.0
27487,436.0
27488,103.0
27489,377.0
27490,758.0
27491,180.0
27492,340.0
27493,681.0
27494,162.0
27495,590.0
27496,1184.0
27497,282.0
27498,233.0
27499,467.0
27500,111.0
27501,404.0
27502,812.0
27503,193.0
27504,257.0
27505,520.0
27506,123.0
27507,449.0
27508,903.0
27509,215.0
27510,404.0
27511,812.0
27512,192.0
27513,702.0
27514,1413.0
27515,334.0
27516,276.0
27517,556.0
27518,132.0
27519,480.0
27520,967.0
27521,229.0
27522,256.0
27523,520.0
27524,123.0
27525,447.0
27526,904.0
27527,214.0
27528,402.0
27529,812.0
27530,191.0
27531,698.0
27532,1414.0
27533,334.0
27534,275.0
27535,557.0
27536,132.0
27537,478.0
27538,968.0
27539,229.0
27540,204.0
27541,414.0
27542,97.0
27543,355.0
27544,723.0
27545,170.0
27546,320.0
27547,651.0
27548,153.0
27549,559.0
27550,1133.0
27551,267.0
27552,219.0
27553,445.0
27554,104.0
27555,382.0
27556,775.0
27557,183.0
27558,202.0
27559,416.0
27560,98.0
27561,354.0
27562,724.0
27563,170.0
27564,318.0
27565,651.0
27566,153.0
27567,557.0
27568,1136.0
27569,267.0
27570,218.0
27571,445.0
27572,105.0
27573,381.0
27574,776.0
27575,183.0
27576,198.0
27577,411.0
27578,96.0
27579,351.0
27580,721.0
27581,170.0
27582,316.0
27583,650.0
27584,153.0
27585,554.0
27586,1137.0
27587,268.0
27588,216.0
27589,444.0
27590,105.0
27591,379.0
27592,777.0
27593,184.0
27594,199.0
27595,413.0
27596,97.0
27597,352.0
27598,723.0
27599,170.0
27600,313.0
27601,647.0
27602,153.0
27603,550.0
27604,1137.0
27605,268.0
27606,215.0
27607,444.0
27608,104.0
27609,377.0
27610,779.0
27611,184.0
27612,208.0
27613,435.0
27614,102.0
27615,366.0
27616,761.0
27617,180.0
27618,326.0
27619,680.0
27620,161.0
27621,575.0
27622,1195.0
27623,282.0
27624,224.0
27625,468.0
27626,110.0
27627,396.0
27628,820.0
27629,193.0
27630,249.0
27631,519.0
27632,122.0
27633,438.0
27634,909.0
27635,214.0
27636,389.0
27637,809.0
27638,189.0
27639,685.0
27640,1423.0
27641,334.0
27642,268.0
27643,558.0
27644,131.0
27645,472.0
27646,979.0
27647,229.0
27648,249.0
27649,519.0
27650,122.0
27651,437.0
27652,908.0
27653,214.0
27654,390.0
27655,809.0
27656,190.0
27657,684.0
27658,1425.0
27659,334.0
27660,268.0
27661,559.0
27662,131.0
27663,472.0
27664,981.0
27665,231.0
27666,199.0
27667,416.0
27668,98.0
27669,349.0
27670,729.0
27671,170.0
27672,311.0
27673,648.0
27674,152.0
27675,546.0
27676,1142.0
27677,268.0
27678,214.0
27679,447.0
27680,104.0
27681,376.0
27682,785.0
27683,184.0
27684,199.0
27685,417.0
27686,98.0
27687,349.0
27688,729.0
27689,171.0
27690,310.0
27691,651.0
27692,153.0
27693,546.0
27694,1144.0
27695,268.0
27696,214.0
27697,448.0
27698,105.0
27699,375.0
27700,786.0
27701,184.0
27702,199.0
27703,417.0
27704,98.0
27705,346.0
27706,728.0
27707,171.0
27708,312.0
27709,652.0
27710,152.0
27711,546.0
27712,1145.0
27713,268.0
27714,214.0
27715,449.0
27716,105.0
27717,375.0
27718,787.0
27719,184.0
27720,200.0
27721,420.0
27722,98.0
27723,347.0
27724,732.0
27725,171.0
27726,311.0
27727,653.0
27728,152.0
27729,546.0
27730,1145.0
27731,267.0
27732,214.0
27733,450.0
27734,104.0
27735,375.0
27736,788.0
27737,184.0
27738,209.0
27739,441.0
27740,103.0
27741,364.0
27742,768.0
27743,179.0
27744,328.0
27745,690.0
27746,161.0
27747,573.0
27748,1205.0
27749,281.0
27750,225.0
27751,473.0
27752,110.0
27753,393.0
27754,829.0
27755,193.0
27756,247.0
27757,524.0
27758,122.0
27759,430.0
27760,914.0
27761,213.0
27762,386.0
27763,820.0
27764,191.0
27765,675.0
27766,1432.0
27767,334.0
27768,266.0
27769,563.0
27770,131.0
27771,464.0
27772,985.0
27773,229.0
27774,247.0
27775,525.0
27776,122.0
27777,429.0
27778,914.0
27779,213.0
27780,385.0
27781,820.0
27782,191.0
27783,672.0
27784,1428.0
27785,334.0
27786,266.0
27787,563.0
27788,131.0
27789,464.0
27790,984.0
27791,229.0
27792,199.0
27793,423.0
27794,98.0
27795,343.0
27796,732.0
27797,170.0
27798,306.0
27799,654.0
27800,153.0
27801,536.0
27802,1144.0
27803,267.0
27804,212.0
27805,452.0
27806,105.0
27807,369.0
27808,789.0
27809,183.0
27810,197.0
27811,420.0
27812,97.0
27813,342.0
27814,734.0
27815,171.0
27816,307.0
27817,654.0
27818,152.0
27819,534.0
27820,1139.0
27821,266.0
27822,211.0
27823,451.0
27824,105.0
27825,368.0
27826,789.0
27827,184.0
27828,196.0
27829,422.0
27830,98.0
27831,342.0
27832,736.0
27833,172.0
27834,305.0
27835,657.0
27836,154.0
27837,537.0
27838,1149.0
27839,269.0
27840,211.0
27841,452.0
27842,106.0
27843,368.0
27844,790.0
27845,184.0
27846,196.0
27847,422.0
27848,98.0
27849,341.0
27850,735.0
27851,171.0
27852,306.0
27853,660.0
27854,153.0
27855,536.0
27856,1151.0
27857,269.0
27858,210.0
27859,452.0
27860,105.0
27861,366.0
27862,790.0
27863,184.0
27864,205.0
27865,443.0
27866,103.0
27867,357.0
27868,773.0
27869,180.0
27870,323.0
27871,701.0
27872,162.0
27873,564.0
27874,1218.0
27875,284.0
27876,220.0
27877,476.0
27878,110.0
27879,384.0
27880,831.0
27881,193.0
27882,243.0
27883,528.0
27884,123.0
27885,426.0
27886,921.0
27887,215.0
27888,386.0
27889,835.0
27890,194.0
27891,674.0
27892,1455.0
27893,339.0
27894,262.0
27895,567.0
27896,132.0
27897,456.0
27898,989.0
27899,230.0
27900,243.0
27901,527.0
27902,122.0
27903,424.0
27904,919.0
27905,213.0
27906,387.0
27907,839.0
27908,195.0
27909,676.0
27910,1461.0
27911,340.0
27912,262.0
27913,568.0
27914,132.0
27915,456.0
27916,989.0
27917,230.0
27918,194.0
27919,418.0
27920,97.0
27921,336.0
27922,732.0
27923,171.0
27924,309.0
27925,664.0
27926,155.0
27927,538.0
27928,1171.0
27929,273.0
27930,210.0
27931,452.0
27932,105.0
27933,363.0
27934,793.0
27935,184.0
27936,194.0
27937,422.0
27938,97.0
27939,338.0
27940,737.0
27941,171.0
27942,312.0
27943,677.0
27944,156.0
27945,543.0
27946,1178.0
27947,274.0
27948,209.0
27949,456.0
27950,105.0
27951,363.0
27952,794.0
27953,184.0
27954,194.0
27955,424.0
27956,98.0
27957,338.0
27958,739.0
27959,172.0
27960,309.0
27961,681.0
27962,158.0
27963,541.0
27964,1181.0
27965,275.0
27966,209.0
27967,457.0
27968,106.0
27969,363.0
27970,796.0
27971,184.0
27972,194.0
27973,425.0
27974,98.0
27975,338.0
27976,742.0
27977,172.0
27978,309.0
27979,682.0
27980,158.0
27981,541.0
27982,1183.0
27983,275.0
27984,208.0
27985,457.0
27986,106.0
27987,362.0
27988,795.0
27989,184.0
27990,203.0
27991,447.0
27992,104.0
27993,353.0
27994,778.0
27995,181.0
27996,323.0
27997,714.0
27998,166.0
27999,566.0
28000,1237.0
28001,288.0
28002,218.0
28003,480.0
28004,111.0
28005,379.0
28006,836.0
28007,194.0
28008,242.0
28009,532.0
28010,123.0
28011,420.0
28012,923.0
28013,214.0
28014,384.0
28015,845.0
28016,196.0
28017,669.0
28018,1465.0
28019,340.0
28020,258.0
28021,572.0
28022,132.0
28023,452.0
28024,994.0
28025,230.0
28026,240.0
28027,531.0
28028,124.0
28029,419.0
28030,924.0
28031,215.0
28032,381.0
28033,839.0
28034,195.0
28035,664.0
28036,1457.0
28037,339.0
28038,258.0
28039,572.0
28040,132.0
28041,451.0
28042,993.0
28043,230.0
28044,191.0
28045,423.0
28046,98.0
28047,334.0
28048,737.0
28049,172.0
28050,303.0
28051,670.0
28052,156.0
28053,527.0
28054,1161.0
28055,270.0
28056,206.0
28057,456.0
28058,106.0
28059,359.0
28060,795.0
28061,185.0
28062,191.0
28063,424.0
28064,98.0
28065,333.0
28066,737.0
28067,171.0
28068,302.0
28069,669.0
28070,156.0
28071,527.0
28072,1157.0
28073,270.0
28074,206.0
28075,457.0
28076,106.0
28077,359.0
28078,795.0
28079,185.0
28080,190.0
28081,424.0
28082,98.0
28083,331.0
28084,736.0
28085,171.0
28086,297.0
28087,666.0
28088,155.0
28089,520.0
28090,1153.0
28091,269.0
28092,204.0
28093,456.0
28094,106.0
28095,356.0
28096,793.0
28097,184.0
28098,190.0
28099,425.0
28100,99.0
28101,330.0
28102,737.0
28103,171.0
28104,297.0
28105,663.0
28106,154.0
28107,520.0
28108,1151.0
28109,268.0
28110,204.0
28111,456.0
28112,106.0
28113,357.0
28114,793.0
28115,184.0
28116,198.0
28117,446.0
28118,104.0
28119,344.0
28120,774.0
28121,181.0
28122,308.0
28123,693.0
28124,162.0
28125,541.0
28126,1208.0
28127,283.0
28128,213.0
28129,478.0
28130,111.0
28131,373.0
28132,833.0
28133,195.0
28134,236.0
28135,530.0
28136,124.0
28137,411.0
28138,918.0
28139,215.0
28140,370.0
28141,828.0
28142,194.0
28143,644.0
28144,1438.0
28145,336.0
28146,255.0
28147,571.0
28148,133.0
28149,442.0
28150,989.0
28151,231.0
28152,235.0
28153,529.0
28154,124.0
28155,409.0
28156,916.0
28157,215.0
28158,371.0
28159,830.0
28160,194.0
28161,644.0
28162,1443.0
28163,337.0
28164,253.0
28165,570.0
28166,133.0
28167,441.0
28168,988.0
28169,231.0
28170,187.0
28171,423.0
28172,99.0
28173,326.0
28174,734.0
28175,172.0
28176,296.0
28177,665.0
28178,156.0
28179,518.0
28180,1159.0
28181,271.0
28182,201.0
28183,454.0
28184,106.0
28185,352.0
28186,790.0
28187,185.0
28188,187.0
28189,422.0
28190,98.0
28191,326.0
28192,734.0
28193,172.0
28194,298.0
28195,667.0
28196,156.0
28197,520.0
28198,1162.0
28199,273.0
28200,201.0
28201,455.0
28202,106.0
28203,351.0
28204,789.0
28205,185.0
28206,187.0
28207,422.0
28208,99.0
28209,325.0
28210,733.0
28211,173.0
28212,297.0
28213,668.0
28214,157.0
28215,518.0
28216,1162.0
28217,274.0
28218,200.0
28219,455.0
28220,106.0
28221,350.0
28222,789.0
28223,185.0
28224,186.0
28225,422.0
28226,99.0
28227,325.0
28228,734.0
28229,172.0
28230,296.0
28231,668.0
28232,156.0
28233,517.0
28234,1163.0
28235,273.0
28236,200.0
28237,453.0
28238,106.0
28239,349.0
28240,788.0
28241,185.0
28242,197.0
28243,449.0
28244,105.0
28245,345.0
28246,781.0
28247,184.0
28248,314.0
28249,713.0
28250,168.0
28251,550.0
28252,1239.0
28253,292.0
28254,213.0
28255,484.0
28256,114.0
28257,372.0
28258,840.0
28259,198.0
28260,243.0
28261,550.0
28262,129.0
28263,423.0
28264,957.0
28265,225.0
28266,388.0
28267,875.0
28268,207.0
28269,674.0
28270,1519.0
28271,360.0
28272,261.0
28273,593.0
28274,139.0
28275,456.0
28276,1030.0
28277,242.0
28278,254.0
28279,576.0
28280,135.0
28281,447.0
28282,1004.0
28283,236.0
28284,408.0
28285,922.0
28286,217.0
28287,712.0
28288,1607.0
28289,379.0
28290,274.0
28291,620.0
28292,145.0
28293,480.0
28294,1078.0
28295,254.0
28296,217.0
28297,491.0
28298,115.0
28299,379.0
28300,857.0
28301,202.0
28302,351.0
28303,792.0
28304,188.0
28305,611.0
28306,1381.0
28307,329.0
28308,233.0
28309,530.0
28310,124.0
28311,408.0
28312,924.0
28313,218.0
28314,235.0
28315,536.0
28316,126.0
28317,410.0
28318,931.0
28319,220.0
28320,377.0
28321,853.0
28322,201.0
28323,655.0
28324,1480.0
28325,352.0
28326,251.0
28327,573.0
28328,135.0
28329,438.0
28330,997.0
28331,236.0
28332,251.0
28333,573.0
28334,134.0
28335,439.0
28336,995.0
28337,234.0
28338,395.0
28339,899.0
28340,211.0
28341,688.0
28342,1566.0
28343,370.0
28344,270.0
28345,615.0
28346,144.0
28347,470.0
28348,1070.0
28349,253.0
28350,253.0
28351,579.0
28352,136.0
28353,445.0
28354,1010.0
28355,238.0
28356,401.0
28357,909.0
28358,215.0
28359,698.0
28360,1586.0
28361,375.0
28362,274.0
28363,624.0
28364,147.0
28365,480.0
28366,1090.0
28367,257.0
28368,262.0
28369,602.0
28370,142.0
28371,459.0
28372,1044.0
28373,248.0
28374,411.0
28375,935.0
28376,220.0
28377,719.0
28378,1635.0
28379,389.0
28380,283.0
28381,647.0
28382,153.0
28383,495.0
28384,1127.0
28385,267.0
28386,298.0
28387,679.0
28388,161.0
28389,521.0
28390,1184.0
28391,281.0
28392,466.0
28393,1058.0
28394,251.0
28395,814.0
28396,1853.0
28397,440.0
28398,320.0
28399,731.0
28400,173.0
28401,560.0
28402,1275.0
28403,304.0
28404,273.0
28405,624.0
28406,147.0
28407,476.0
28408,1083.0
28409,256.0
28410,427.0
28411,969.0
28412,230.0
28413,746.0
28414,1694.0
28415,405.0
28416,294.0
28417,668.0
28418,158.0
28419,512.0
28420,1164.0
28421,275.0
28422,201.0
28423,462.0
28424,110.0
28425,352.0
28426,802.0
28427,191.0
28428,315.0
28429,717.0
28430,169.0
28431,552.0
28432,1257.0
28433,299.0
28434,216.0
28435,496.0
28436,117.0
28437,380.0
28438,865.0
28439,205.0
28440,190.0
28441,435.0
28442,103.0
28443,333.0
28444,756.0
28445,181.0
28446,298.0
28447,678.0
28448,161.0
28449,522.0
28450,1186.0
28451,283.0
28452,204.0
28453,468.0
28454,111.0
28455,357.0
28456,814.0
28457,194.0
28458,185.0
28459,424.0
28460,101.0
28461,323.0
28462,736.0
28463,176.0
28464,290.0
28465,660.0
28466,158.0
28467,506.0
28468,1155.0
28469,277.0
28470,198.0
28471,454.0
28472,108.0
28473,346.0
28474,790.0
28475,189.0
28476,187.0
28477,430.0
28478,102.0
28479,328.0
28480,747.0
28481,179.0
28482,294.0
28483,670.0
28484,160.0
28485,515.0
28486,1170.0
28487,281.0
28488,200.0
28489,459.0
28490,110.0
28491,352.0
28492,802.0
28493,192.0
28494,203.0
28495,465.0
28496,111.0
28497,355.0
28498,810.0
28499,194.0
28500,318.0
28501,727.0
28502,174.0
28503,558.0
28504,1276.0
28505,305.0
28506,217.0
28507,498.0
28508,118.0
28509,380.0
28510,868.0
28511,207.0
28512,251.0
28513,576.0
28514,137.0
28515,440.0
28516,1002.0
28517,240.0
28518,396.0
28519,898.0
28520,215.0
28521,690.0
28522,1571.0
28523,379.0
28524,269.0
28525,615.0
28526,147.0
28527,471.0
28528,1077.0
28529,259.0
28530,259.0
28531,592.0
28532,142.0
28533,453.0
28534,1031.0
28535,248.0
28536,406.0
28537,927.0
28538,222.0
28539,708.0
28540,1619.0
28541,390.0
28542,277.0
28543,633.0
28544,152.0
28545,485.0
28546,1106.0
28547,267.0
28548,209.0
28549,479.0
28550,115.0
28551,364.0
28552,832.0
28553,200.0
28554,329.0
28555,750.0
28556,180.0
28557,572.0
28558,1306.0
28559,315.0
28560,223.0
28561,512.0
28562,123.0
28563,390.0
28564,891.0
28565,214.0
28566,200.0
28567,459.0
28568,111.0
28569,349.0
28570,799.0
28571,193.0
28572,314.0
28573,720.0
28574,173.0
28575,548.0
28576,1257.0
28577,304.0
28578,213.0
28579,492.0
28580,118.0
28581,374.0
28582,857.0
28583,207.0
28584,192.0
28585,441.0
28586,106.0
28587,335.0
28588,768.0
28589,186.0
28590,303.0
28591,694.0
28592,168.0
28593,528.0
28594,1208.0
28595,293.0
28596,205.0
28597,473.0
28598,114.0
28599,360.0
28600,823.0
28601,199.0
28602,184.0
28603,424.0
28604,102.0
28605,320.0
28606,735.0
28607,178.0
28608,290.0
28609,663.0
28610,160.0
28611,506.0
28612,1157.0
28613,280.0
28614,197.0
28615,454.0
28616,109.0
28617,344.0
28618,789.0
28619,191.0
28620,187.0
28621,430.0
28622,104.0
28623,326.0
28624,748.0
28625,181.0
28626,295.0
28627,673.0
28628,163.0
28629,514.0
28630,1175.0
28631,286.0
28632,200.0
28633,461.0
28634,111.0
28635,350.0
28636,802.0
28637,194.0
28638,222.0
28639,510.0
28640,124.0
28641,387.0
28642,886.0
28643,215.0
28644,349.0
28645,801.0
28646,194.0
28647,608.0
28648,1395.0
28649,340.0
28650,238.0
28651,548.0
28652,132.0
28653,415.0
28654,953.0
28655,231.0
28656,221.0
28657,509.0
28658,124.0
28659,386.0
28660,887.0
28661,216.0
28662,349.0
28663,801.0
28664,193.0
28665,606.0
28666,1392.0
28667,340.0
28668,238.0
28669,547.0
28670,133.0
28671,414.0
28672,951.0
28673,232.0
28674,176.0
28675,407.0
28676,99.0
28677,309.0
28678,707.0
28679,172.0
28680,277.0
28681,637.0
28682,155.0
28683,485.0
28684,1111.0
28685,272.0
28686,188.0
28687,435.0
28688,106.0
28689,331.0
28690,758.0
28691,184.0
28692,176.0
28693,405.0
28694,99.0
28695,309.0
28696,707.0
28697,172.0
28698,277.0
28699,635.0
28700,155.0
28701,485.0
28702,1110.0
28703,272.0
28704,188.0
28705,435.0
28706,106.0
28707,330.0
28708,758.0
28709,185.0
28710,176.0
28711,405.0
28712,99.0
28713,309.0
28714,705.0
28715,173.0
28716,278.0
28717,635.0
28718,155.0
28719,485.0
28720,1106.0
28721,272.0
28722,188.0
28723,434.0
28724,106.0
28725,331.0
28726,756.0
28727,185.0
28728,175.0
28729,405.0
28730,98.0
28731,308.0
28732,706.0
28733,172.0
28734,276.0
28735,634.0
28736,155.0
28737,483.0
28738,1106.0
28739,272.0
28740,188.0
28741,434.0
28742,106.0
28743,330.0
28744,756.0
28745,185.0
28746,185.0
28747,426.0
28748,105.0
28749,323.0
28750,740.0
28751,182.0
28752,291.0
28753,667.0
28754,164.0
28755,507.0
28756,1161.0
28757,288.0
28758,198.0
28759,456.0
28760,112.0
28761,346.0
28762,794.0
28763,195.0
28764,220.0
28765,505.0
28766,125.0
28767,384.0
28768,879.0
28769,218.0
28770,345.0
28771,792.0
28772,195.0
28773,600.0
28774,1379.0
28775,343.0
28776,235.0
28777,541.0
28778,133.0
28779,410.0
28780,942.0
28781,233.0
28782,220.0
28783,502.0
28784,125.0
28785,383.0
28786,874.0
28787,217.0
28788,369.0
28789,845.0
28790,209.0
28791,642.0
28792,1468.0
28793,366.0
28794,235.0
28795,539.0
28796,133.0
28797,409.0
28798,938.0
28799,233.0
28800,174.0
28801,401.0
28802,100.0
28803,305.0
28804,697.0
28805,173.0
28806,309.0
28807,706.0
28808,176.0
28809,537.0
28810,1227.0
28811,308.0
28812,186.0
28813,430.0
28814,107.0
28815,327.0
28816,747.0
28817,186.0
28818,173.0
28819,398.0
28820,99.0
28821,304.0
28822,694.0
28823,173.0
28824,318.0
28825,726.0
28826,181.0
28827,555.0
28828,1267.0
28829,318.0
28830,186.0
28831,428.0
28832,106.0
28833,326.0
28834,746.0
28835,186.0
28836,172.0
28837,396.0
28838,98.0
28839,302.0
28840,689.0
28841,172.0
28842,323.0
28843,737.0
28844,184.0
28845,561.0
28846,1282.0
28847,322.0
28848,185.0
28849,427.0
28850,106.0
28851,325.0
28852,742.0
28853,185.0
28854,172.0
28855,394.0
28856,99.0
28857,302.0
28858,688.0
28859,172.0
28860,314.0
28861,713.0
28862,178.0
28863,548.0
28864,1246.0
28865,314.0
28866,185.0
28867,424.0
28868,106.0
28869,325.0
28870,739.0
28871,185.0
28872,180.0
28873,412.0
28874,104.0
28875,316.0
28876,720.0
28877,182.0
28878,309.0
28879,702.0
28880,176.0
28881,540.0
28882,1226.0
28883,311.0
28884,194.0
28885,443.0
28886,111.0
28887,340.0
28888,774.0
28889,194.0
28890,215.0
28891,491.0
28892,124.0
28893,375.0
28894,855.0
28895,218.0
28896,362.0
28897,822.0
28898,209.0
28899,630.0
28900,1436.0
28901,365.0
28902,232.0
28903,526.0
28904,133.0
28905,403.0
28906,920.0
28907,233.0
28908,213.0
28909,486.0
28910,123.0
28911,375.0
28912,850.0
28913,216.0
28914,343.0
28915,779.0
28916,198.0
28917,598.0
28918,1359.0
28919,346.0
28920,231.0
28921,524.0
28922,132.0
28923,403.0
28924,916.0
28925,233.0
28926,170.0
28927,388.0
28928,98.0
28929,299.0
28930,678.0
28931,172.0
28932,274.0
28933,620.0
28934,158.0
28935,476.0
28936,1083.0
28937,278.0
28938,181.0
28939,416.0
28940,106.0
28941,320.0
28942,729.0
28943,185.0
28944,170.0
28945,387.0
28946,99.0
28947,299.0
28948,677.0
28949,172.0
28950,274.0
28951,620.0
28952,159.0
28953,476.0
28954,1081.0
28955,279.0
28956,182.0
28957,416.0
28958,106.0
28959,320.0
28960,727.0
28961,186.0
28962,170.0
28963,387.0
28964,99.0
28965,300.0
28966,676.0
28967,173.0
28968,272.0
28969,616.0
28970,158.0
28971,475.0
28972,1074.0
28973,277.0
28974,182.0
28975,415.0
28976,107.0
28977,320.0
28978,726.0
28979,186.0
28980,170.0
28981,388.0
28982,100.0
28983,300.0
28984,677.0
28985,173.0
28986,271.0
28987,614.0
28988,158.0
28989,473.0
28990,1070.0
28991,277.0
28992,182.0
28993,416.0
28994,106.0
28995,321.0
28996,726.0
28997,186.0
28998,184.0
28999,418.0
29000,108.0
29001,322.0
29002,726.0
29003,189.0
29004,292.0
29005,658.0
29006,170.0
29007,507.0
29008,1146.0
29009,298.0
29010,198.0
29011,448.0
29012,115.0
29013,346.0
29014,782.0
29015,202.0
29016,227.0
29017,511.0
29018,132.0
29019,395.0
29020,890.0
29021,231.0
29022,356.0
29023,804.0
29024,209.0
29025,621.0
29026,1398.0
29027,364.0
29028,243.0
29029,549.0
29030,142.0
29031,425.0
29032,957.0
29033,249.0
29034,236.0
29035,532.0
29036,138.0
29037,413.0
29038,929.0
29039,242.0
29040,371.0
29041,835.0
29042,218.0
29043,647.0
29044,1452.0
29045,379.0
29046,255.0
29047,574.0
29048,148.0
29049,443.0
29050,998.0
29051,260.0
29052,196.0
29053,438.0
29054,113.0
29055,340.0
29056,761.0
29057,199.0
29058,306.0
29059,688.0
29060,178.0
29061,532.0
29062,1193.0
29063,311.0
29064,210.0
29065,473.0
29066,122.0
29067,365.0
29068,820.0
29069,214.0
29070,197.0
29071,441.0
29072,114.0
29073,342.0
29074,767.0
29075,200.0
29076,307.0
29077,689.0
29078,178.0
29079,533.0
29080,1199.0
29081,312.0
29082,210.0
29083,474.0
29084,123.0
29085,367.0
29086,824.0
29087,215.0
29088,189.0
29089,425.0
29090,110.0
29091,331.0
29092,739.0
29093,193.0
29094,296.0
29095,665.0
29096,173.0
29097,516.0
29098,1158.0
29099,302.0
29100,204.0
29101,460.0
29102,119.0
29103,356.0
29104,799.0
29105,208.0
29106,182.0
29107,407.0
29108,106.0
29109,316.0
29110,706.0
29111,185.0
29112,285.0
29113,637.0
29114,165.0
29115,493.0
29116,1109.0
29117,290.0
29118,197.0
29119,442.0
29120,114.0
29121,342.0
29122,766.0
29123,200.0
29124,183.0
29125,408.0
29126,107.0
29127,318.0
29128,710.0
29129,187.0
29130,286.0
29131,638.0
29132,167.0
29133,499.0
29134,1112.0
29135,294.0
29136,193.0
29137,431.0
29138,112.0
29139,335.0
29140,750.0
29141,197.0
29142,213.0
29143,475.0
29144,124.0
29145,371.0
29146,824.0
29147,218.0
29148,333.0
29149,743.0
29150,196.0
29151,582.0
29152,1296.0
29153,342.0
29154,244.0
29155,541.0
29156,142.0
29157,424.0
29158,943.0
29159,249.0
29160,212.0
29161,473.0
29162,125.0
29163,369.0
29164,822.0
29165,218.0
29166,332.0
29167,743.0
29168,196.0
29169,578.0
29170,1292.0
29171,343.0
29172,258.0
29173,576.0
29174,152.0
29175,451.0
29176,1004.0
29177,266.0
29178,170.0
29179,382.0
29180,101.0
29181,300.0
29182,667.0
29183,177.0
29184,270.0
29185,600.0
29186,159.0
29187,471.0
29188,1047.0
29189,279.0
29190,210.0
29191,470.0
29192,124.0
29193,369.0
29194,821.0
29195,217.0
29196,181.0
29197,403.0
29198,107.0
29199,318.0
29200,705.0
29201,188.0
29202,286.0
29203,634.0
29204,168.0
29205,500.0
29206,1107.0
29207,296.0
29208,223.0
29209,496.0
29210,132.0
29211,392.0
29212,868.0
29213,232.0
29214,190.0
29215,422.0
29216,112.0
29217,334.0
29218,739.0
29219,197.0
29220,302.0
29221,666.0
29222,179.0
29223,528.0
29224,1165.0
29225,314.0
29226,228.0
29227,502.0
29228,134.0
29229,397.0
29230,879.0
29231,236.0
29232,198.0
29233,436.0
29234,116.0
29235,346.0
29236,760.0
29237,205.0
29238,312.0
29239,692.0
29240,186.0
29241,546.0
29242,1205.0
29243,324.0
29244,227.0
29245,502.0
29246,134.0
29247,396.0
29248,874.0
29249,235.0
29250,209.0
29251,460.0
29252,123.0
29253,365.0
29254,803.0
29255,217.0
29256,331.0
29257,729.0
29258,196.0
29259,579.0
29260,1273.0
29261,343.0
29262,227.0
29263,500.0
29264,133.0
29265,395.0
29266,870.0
29267,235.0
29268,241.0
29269,528.0
29270,142.0
29271,418.0
29272,916.0
29273,248.0
29274,381.0
29275,837.0
29276,226.0
29277,664.0
29278,1458.0
29279,393.0
29280,259.0
29281,570.0
29282,153.0
29283,451.0
29284,993.0
29285,268.0
29286,229.0
29287,501.0
29288,134.0
29289,397.0
29290,866.0
29291,235.0
29292,358.0
29293,785.0
29294,211.0
29295,625.0
29296,1366.0
29297,368.0
29298,246.0
29299,538.0
29300,144.0
29301,428.0
29302,937.0
29303,254.0
29304,180.0
29305,389.0
29306,105.0
29307,310.0
29308,675.0
29309,184.0
29310,278.0
29311,605.0
29312,165.0
29313,484.0
29314,1053.0
29315,287.0
29316,192.0
29317,418.0
29318,113.0
29319,334.0
29320,727.0
29321,197.0
29322,171.0
29323,372.0
29324,101.0
29325,298.0
29326,646.0
29327,176.0
29328,267.0
29329,583.0
29330,158.0
29331,464.0
29332,1011.0
29333,276.0
29334,183.0
29335,401.0
29336,108.0
29337,320.0
29338,696.0
29339,189.0
29340,167.0
29341,364.0
29342,98.0
29343,291.0
29344,632.0
29345,173.0
29346,261.0
29347,570.0
29348,155.0
29349,453.0
29350,990.0
29351,272.0
29352,180.0
29353,392.0
29354,106.0
29355,312.0
29356,681.0
29357,185.0
29358,168.0
29359,364.0
29360,99.0
29361,293.0
29362,632.0
29363,173.0
29364,261.0
29365,567.0
29366,155.0
29367,455.0
29368,987.0
29369,272.0
29370,179.0
29371,392.0
29372,106.0
29373,314.0
29374,680.0
29375,187.0
29376,176.0
29377,381.0
29378,104.0
29379,307.0
29380,663.0
29381,183.0
29382,272.0
29383,593.0
29384,164.0
29385,476.0
29386,1033.0
29387,285.0
29388,188.0
29389,410.0
29390,112.0
29391,329.0
29392,711.0
29393,196.0
29394,222.0
29395,477.0
29396,131.0
29397,384.0
29398,827.0
29399,230.0
29400,322.0
29401,702.0
29402,195.0
29403,563.0
29404,1220.0
29405,339.0
29406,237.0
29407,512.0
29408,141.0
29409,411.0
29410,888.0
29411,247.0
29412,231.0
29413,495.0
29414,137.0
29415,401.0
29416,860.0
29417,240.0
29418,323.0
29419,700.0
29420,194.0
29421,563.0
29422,1215.0
29423,339.0
29424,247.0
29425,532.0
29426,147.0
29427,429.0
29428,923.0
29429,257.0
29430,198.0
29431,421.0
29432,117.0
29433,343.0
29434,731.0
29435,206.0
29436,260.0
29437,559.0
29438,156.0
29439,451.0
29440,971.0
29441,272.0
29442,212.0
29443,452.0
29444,126.0
29445,365.0
29446,785.0
29447,221.0
29448,213.0
29449,452.0
29450,127.0
29451,368.0
29452,786.0
29453,222.0
29454,263.0
29455,559.0
29456,157.0
29457,456.0
29458,971.0
29459,273.0
29460,228.0
29461,486.0
29462,136.0
29463,394.0
29464,844.0
29465,238.0
29466,219.0
29467,465.0
29468,130.0
29469,380.0
29470,811.0
29471,229.0
29472,262.0
29473,557.0
29474,157.0
29475,455.0
29476,968.0
29477,273.0
29478,236.0
29479,502.0
29480,140.0
29481,408.0
29482,872.0
29483,246.0
29484,215.0
29485,454.0
29486,128.0
29487,371.0
29488,788.0
29489,224.0
29490,263.0
29491,556.0
29492,157.0
29493,456.0
29494,966.0
29495,273.0
29496,232.0
29497,488.0
29498,137.0
29499,400.0
29500,849.0
29501,241.0
29502,208.0
29503,438.0
29504,124.0
29505,360.0
29506,761.0
29507,217.0
29508,274.0
29509,582.0
29510,164.0
29511,479.0
29512,1012.0
29513,287.0
29514,224.0
29515,473.0
29516,133.0
29517,387.0
29518,822.0
29519,233.0
29520,236.0
29521,495.0
29522,140.0
29523,407.0
29524,855.0
29525,244.0
29526,328.0
29527,691.0
29528,197.0
29529,571.0
29530,1199.0
29531,340.0
29532,253.0
29533,531.0
29534,151.0
29535,438.0
29536,919.0
29537,262.0
29538,222.0
29539,465.0
29540,132.0
29541,384.0
29542,803.0
29543,230.0
29544,328.0
29545,688.0
29546,196.0
29547,570.0
29548,1193.0
29549,339.0
29550,238.0
29551,497.0
29552,141.0
29553,411.0
29554,861.0
29555,246.0
29556,171.0
29557,355.0
29558,101.0
29559,296.0
29560,617.0
29561,177.0
29562,264.0
29563,548.0
29564,157.0
29565,458.0
29566,950.0
29567,272.0
29568,183.0
29569,382.0
29570,109.0
29571,318.0
29572,662.0
29573,189.0
29574,168.0
29575,347.0
29576,99.0
29577,292.0
29578,604.0
29579,173.0
29580,264.0
29581,545.0
29582,156.0
29583,458.0
29584,946.0
29585,272.0
29586,181.0
29587,374.0
29588,107.0
29589,314.0
29590,651.0
29591,186.0
29592,167.0
29593,347.0
29594,100.0
29595,291.0
29596,602.0
29597,174.0
29598,263.0
29599,542.0
29600,157.0
29601,456.0
29602,940.0
29603,272.0
29604,180.0
29605,372.0
29606,107.0
29607,313.0
29608,647.0
29609,188.0
29610,167.0
29611,345.0
29612,99.0
29613,290.0
29614,598.0
29615,173.0
29616,263.0
29617,539.0
29618,156.0
29619,456.0
29620,936.0
29621,272.0
29622,180.0
29623,371.0
29624,107.0
29625,313.0
29626,645.0
29627,188.0
29628,176.0
29629,361.0
29630,104.0
29631,306.0
29632,626.0
29633,182.0
29634,277.0
29635,566.0
29636,165.0
29637,479.0
29638,981.0
29639,287.0
29640,190.0
29641,388.0
29642,112.0
29643,328.0
29644,675.0
29645,198.0
29646,210.0
29647,427.0
29648,124.0
29649,363.0
29650,741.0
29651,217.0
29652,327.0
29653,666.0
29654,196.0
29655,569.0
29656,1156.0
29657,340.0
29658,226.0
29659,460.0
29660,133.0
29661,391.0
29662,798.0
29663,234.0
29664,209.0
29665,425.0
29666,124.0
29667,363.0
29668,740.0
29669,217.0
29670,324.0
29671,662.0
29672,195.0
29673,567.0
29674,1152.0
29675,338.0
29676,225.0
29677,459.0
29678,133.0
29679,391.0
29680,796.0
29681,234.0
29682,167.0
29683,338.0
29684,99.0
29685,291.0
29686,588.0
29687,174.0
29688,260.0
29689,527.0
29690,156.0
29691,452.0
29692,916.0
29693,271.0
29694,179.0
29695,365.0
29696,107.0
29697,312.0
29698,634.0
29699,188.0
29700,167.0
29701,337.0
29702,99.0
29703,291.0
29704,586.0
29705,174.0
29706,260.0
29707,525.0
29708,156.0
29709,452.0
29710,914.0
29711,272.0
29712,180.0
29713,362.0
29714,107.0
29715,312.0
29716,632.0
29717,188.0
29718,167.0
29719,335.0
29720,99.0
29721,291.0
29722,584.0
29723,174.0
29724,261.0
29725,524.0
29726,156.0
29727,455.0
29728,912.0
29729,272.0
29730,180.0
29731,361.0
29732,107.0
29733,313.0
29734,629.0
29735,188.0
29736,167.0
29737,333.0
29738,99.0
29739,292.0
29740,581.0
29741,173.0
29742,262.0
29743,523.0
29744,157.0
29745,457.0
29746,911.0
29747,274.0
29748,180.0
29749,360.0
29750,107.0
29751,313.0
29752,627.0
29753,188.0
29754,178.0
29755,352.0
29756,105.0
29757,308.0
29758,612.0
29759,186.0
29760,276.0
29761,550.0
29762,165.0
29763,480.0
29764,959.0
29765,288.0
29766,190.0
29767,377.0
29768,112.0
29769,329.0
29770,659.0
29771,198.0
29772,212.0
29773,417.0
29774,125.0
29775,366.0
29776,726.0
29777,220.0
29778,327.0
29779,650.0
29780,197.0
29781,573.0
29782,1137.0
29783,343.0
29784,225.0
29785,447.0
29786,135.0
29787,392.0
29788,779.0
29789,235.0
29790,210.0
29791,414.0
29792,124.0
29793,365.0
29794,723.0
29795,219.0
29796,324.0
29797,647.0
29798,196.0
29799,569.0
29800,1132.0
29801,342.0
29802,224.0
29803,444.0
29804,133.0
29805,390.0
29806,774.0
29807,234.0
29808,168.0
29809,329.0
29810,99.0
29811,293.0
29812,574.0
29813,175.0
29814,261.0
29815,514.0
29816,156.0
29817,457.0
29818,899.0
29819,274.0
29820,180.0
29821,351.0
29822,106.0
29823,313.0
29824,614.0
29825,187.0
29826,169.0
29827,329.0
29828,99.0
29829,294.0
29830,574.0
29831,175.0
29832,263.0
29833,515.0
29834,157.0
29835,459.0
29836,899.0
29837,273.0
29838,181.0
29839,352.0
29840,106.0
29841,314.0
29842,615.0
29843,188.0
29844,169.0
29845,328.0
29846,99.0
29847,294.0
29848,572.0
29849,175.0
29850,263.0
29851,514.0
29852,157.0
29853,459.0
29854,897.0
29855,273.0
29856,180.0
29857,350.0
29858,106.0
29859,314.0
29860,611.0
29861,187.0
29862,168.0
29863,325.0
29864,99.0
29865,294.0
29866,569.0
29867,175.0
29868,263.0
29869,510.0
29870,156.0
29871,459.0
29872,891.0
29873,273.0
29874,180.0
29875,349.0
29876,106.0
29877,314.0
29878,610.0
29879,187.0
29880,178.0
29881,341.0
29882,104.0
29883,309.0
29884,595.0
29885,184.0
29886,277.0
29887,535.0
29888,164.0
29889,482.0
29890,933.0
29891,287.0
29892,190.0
29893,365.0
29894,111.0
29895,331.0
29896,640.0
29897,197.0
29898,211.0
29899,405.0
29900,123.0
29901,367.0
29902,705.0
29903,218.0
29904,329.0
29905,632.0
29906,195.0
29907,574.0
29908,1101.0
29909,339.0
29910,226.0
29911,436.0
29912,134.0
29913,394.0
29914,760.0
29915,234.0
29916,211.0
29917,402.0
29918,123.0
29919,367.0
29920,703.0
29921,218.0
29922,327.0
29923,629.0
29924,194.0
29925,573.0
29926,1097.0
29927,339.0
29928,226.0
29929,433.0
29930,134.0
29931,395.0
29932,756.0
29933,234.0
29934,169.0
29935,319.0
29936,98.0
29937,294.0
29938,559.0
29939,174.0
29940,262.0
29941,500.0
29942,154.0
29943,458.0
29944,871.0
29945,270.0
29946,182.0
29947,345.0
29948,106.0
29949,317.0
29950,603.0
29951,188.0
29952,170.0
29953,318.0
29954,98.0
29955,294.0
29956,556.0
29957,174.0
29958,264.0
29959,498.0
29960,155.0
29961,460.0
29962,870.0
29963,272.0
29964,183.0
29965,344.0
29966,106.0
29967,318.0
29968,601.0
29969,187.0
29970,169.0
29971,317.0
29972,98.0
29973,294.0
29974,553.0
29975,174.0
29976,264.0
29977,495.0
29978,155.0
29979,460.0
29980,866.0
29981,271.0
29982,183.0
29983,343.0
29984,106.0
29985,318.0
29986,599.0
29987,188.0
29988,170.0
29989,317.0
29990,99.0
29991,296.0
29992,554.0
29993,174.0
29994,264.0
29995,493.0
29996,155.0
29997,461.0
29998,863.0
29999,271.0
30000,183.0
30001,341.0
30002,106.0
30003,317.0
30004,596.0
30005,188.0
30006,179.0
30007,333.0
30008,104.0
30009,311.0
30010,580.0
30011,184.0
30012,278.0
30013,518.0
30014,164.0
30015,486.0
30016,905.0
30017,285.0
30018,193.0
30019,358.0
30020,112.0
30021,334.0
30022,625.0
30023,197.0
30024,213.0
30025,394.0
30026,124.0
30027,370.0
30028,688.0
30029,218.0
30030,330.0
30031,616.0
30032,194.0
30033,576.0
30034,1075.0
30035,339.0
30036,228.0
30037,424.0
30038,133.0
30039,398.0
30040,740.0
30041,233.0
30042,213.0
30043,392.0
30044,124.0
30045,370.0
30046,685.0
30047,218.0
30048,329.0
30049,614.0
30050,194.0
30051,577.0
30052,1072.0
30053,339.0
30054,227.0
30055,421.0
30056,133.0
30057,397.0
30058,736.0
30059,233.0
30060,171.0
30061,314.0
30062,99.0
30063,297.0
30064,546.0
30065,175.0
30066,264.0
30067,490.0
30068,155.0
30069,462.0
30070,856.0
30071,272.0
30072,182.0
30073,336.0
30074,106.0
30075,317.0
30076,587.0
30077,187.0
30078,171.0
30079,312.0
30080,100.0
30081,296.0
30082,545.0
30083,175.0
30084,265.0
30085,491.0
30086,157.0
30087,463.0
30088,856.0
30089,272.0
30090,182.0
30091,335.0
30092,106.0
30093,316.0
30094,585.0
30095,187.0
30096,171.0
30097,310.0
30098,99.0
30099,296.0
30100,541.0
30101,174.0
30102,266.0
30103,488.0
30104,156.0
30105,463.0
30106,850.0
30107,272.0
30108,183.0
30109,333.0
30110,106.0
30111,317.0
30112,581.0
30113,186.0
30114,172.0
30115,313.0
30116,100.0
30117,298.0
30118,543.0
30119,176.0
30120,271.0
30121,488.0
30122,158.0
30123,471.0
30124,848.0
30125,273.0
30126,185.0
30127,333.0
30128,107.0
30129,319.0
30130,579.0
30131,188.0
30132,182.0
30133,327.0
30134,105.0
30135,316.0
30136,567.0
30137,184.0
30138,282.0
30139,508.0
30140,165.0
30141,490.0
30142,883.0
30143,286.0
30144,194.0
30145,350.0
30146,112.0
30147,335.0
30148,608.0
30149,197.0
30150,216.0
30151,387.0
30152,125.0
30153,375.0
30154,672.0
30155,219.0
30156,335.0
30157,604.0
30158,196.0
30159,586.0
30160,1048.0
30161,340.0
30162,231.0
30163,415.0
30164,134.0
30165,402.0
30166,721.0
30167,234.0
30168,216.0
30169,384.0
30170,125.0
30171,375.0
30172,669.0
30173,218.0
30174,337.0
30175,602.0
30176,196.0
30177,588.0
30178,1045.0
30179,340.0
30180,231.0
30181,411.0
30182,134.0
30183,403.0
30184,716.0
30185,233.0
30186,172.0
30187,304.0
30188,99.0
30189,299.0
30190,529.0
30191,173.0
30192,271.0
30193,479.0
30194,157.0
30195,473.0
30196,833.0
30197,271.0
30198,184.0
30199,328.0
30200,106.0
30201,320.0
30202,571.0
30203,187.0
30204,172.0
30205,304.0
30206,99.0
30207,299.0
30208,529.0
30209,174.0
30210,269.0
30211,477.0
30212,157.0
30213,470.0
30214,831.0
30215,272.0
30216,184.0
30217,326.0
30218,106.0
30219,321.0
30220,570.0
30221,187.0
30222,172.0
30223,302.0
30224,98.0
30225,299.0
30226,528.0
30227,174.0
30228,270.0
30229,476.0
30230,157.0
30231,471.0
30232,828.0
30233,271.0
30234,186.0
30235,326.0
30236,106.0
30237,323.0
30238,570.0
30239,188.0
30240,174.0
30241,304.0
30242,99.0
30243,300.0
30244,527.0
30245,175.0
30246,269.0
30247,474.0
30248,157.0
30249,470.0
30250,827.0
30251,272.0
30252,186.0
30253,326.0
30254,107.0
30255,323.0
30256,568.0
30257,188.0
30258,184.0
30259,318.0
30260,105.0
30261,318.0
30262,554.0
30263,184.0
30264,286.0
30265,498.0
30266,165.0
30267,499.0
30268,868.0
30269,287.0
30270,197.0
30271,343.0
30272,113.0
30273,343.0
30274,597.0
30275,197.0
30276,220.0
30277,379.0
30278,126.0
30279,382.0
30280,659.0
30281,219.0
30282,342.0
30283,592.0
30284,196.0
30285,597.0
30286,1030.0
30287,342.0
30288,235.0
30289,406.0
30290,135.0
30291,410.0
30292,707.0
30293,235.0
30294,220.0
30295,379.0
30296,126.0
30297,383.0
30298,658.0
30299,219.0
30300,341.0
30301,588.0
30302,197.0
30303,595.0
30304,1025.0
30305,342.0
30306,235.0
30307,405.0
30308,135.0
30309,409.0
30310,705.0
30311,236.0
30312,176.0
30313,301.0
30314,100.0
30315,306.0
30316,525.0
30317,176.0
30318,273.0
30319,467.0
30320,157.0
30321,477.0
30322,816.0
30323,273.0
30324,188.0
30325,322.0
30326,107.0
30327,329.0
30328,563.0
30329,188.0
30330,177.0
30331,300.0
30332,101.0
30333,307.0
30334,522.0
30335,176.0
30336,273.0
30337,466.0
30338,158.0
30339,478.0
30340,811.0
30341,273.0
30342,189.0
30343,322.0
30344,107.0
30345,330.0
30346,561.0
30347,189.0
30348,178.0
30349,300.0
30350,101.0
30351,307.0
30352,521.0
30353,176.0
30354,273.0
30355,464.0
30356,158.0
30357,477.0
30358,809.0
30359,272.0
30360,189.0
30361,320.0
30362,108.0
30363,330.0
30364,560.0
30365,189.0
30366,178.0
30367,298.0
30368,100.0
30369,308.0
30370,520.0
30371,176.0
30372,273.0
30373,464.0
30374,158.0
30375,478.0
30376,809.0
30377,274.0
30378,189.0
30379,320.0
30380,108.0
30381,331.0
30382,559.0
30383,189.0
30384,186.0
30385,311.0
30386,105.0
30387,324.0
30388,544.0
30389,186.0
30390,288.0
30391,487.0
30392,166.0
30393,505.0
30394,850.0
30395,289.0
30396,200.0
30397,336.0
30398,114.0
30399,348.0
30400,585.0
30401,198.0
30402,222.0
30403,371.0
30404,126.0
30405,386.0
30406,642.0
30407,220.0
30408,345.0
30409,577.0
30410,197.0
30411,601.0
30412,1004.0
30413,343.0
30414,238.0
30415,398.0
30416,135.0
30417,414.0
30418,691.0
30419,235.0
30420,222.0
30421,368.0
30422,126.0
30423,385.0
30424,640.0
30425,220.0
30426,346.0
30427,576.0
30428,197.0
30429,602.0
30430,1002.0
30431,343.0
30432,237.0
30433,396.0
30434,135.0
30435,415.0
30436,688.0
30437,235.0
30438,179.0
30439,294.0
30440,100.0
30441,309.0
30442,511.0
30443,176.0
30444,277.0
30445,458.0
30446,158.0
30447,483.0
30448,800.0
30449,274.0
30450,191.0
30451,315.0
30452,108.0
30453,332.0
30454,549.0
30455,188.0
30456,179.0
30457,292.0
30458,99.0
30459,308.0
30460,508.0
30461,175.0
30462,279.0
30463,458.0
30464,158.0
30465,486.0
30466,799.0
30467,274.0
30468,192.0
30469,315.0
30470,108.0
30471,333.0
30472,547.0
30473,188.0
30474,177.0
30475,290.0
30476,98.0
30477,308.0
30478,506.0
30479,174.0
30480,280.0
30481,459.0
30482,159.0
30483,487.0
30484,798.0
30485,275.0
30486,192.0
30487,313.0
30488,107.0
30489,333.0
30490,546.0
30491,189.0
30492,179.0
30493,290.0
30494,99.0
30495,313.0
30496,507.0
30497,176.0
30498,280.0
30499,458.0
30500,159.0
30501,490.0
30502,797.0
30503,276.0
30504,192.0
30505,313.0
30506,108.0
30507,335.0
30508,545.0
30509,189.0
30510,189.0
30511,305.0
30512,106.0
30513,329.0
30514,532.0
30515,184.0
30516,295.0
30517,479.0
30518,166.0
30519,516.0
30520,835.0
30521,288.0
30522,202.0
30523,328.0
30524,114.0
30525,353.0
30526,572.0
30527,198.0
30528,227.0
30529,365.0
30530,126.0
30531,393.0
30532,632.0
30533,219.0
30534,351.0
30535,568.0
30536,197.0
30537,612.0
30538,990.0
30539,343.0
30540,242.0
30541,389.0
30542,136.0
30543,422.0
30544,678.0
30545,234.0
30546,227.0
30547,362.0
30548,125.0
30549,394.0
30550,629.0
30551,219.0
30552,351.0
30553,566.0
30554,196.0
30555,613.0
30556,987.0
30557,341.0
30558,243.0
30559,389.0
30560,135.0
30561,423.0
30562,676.0
30563,235.0
30564,182.0
30565,290.0
30566,99.0
30567,317.0
30568,503.0
30569,176.0
30570,282.0
30571,452.0
30572,158.0
30573,493.0
30574,785.0
30575,272.0
30576,195.0
30577,312.0
30578,108.0
30579,339.0
30580,542.0
30581,188.0
30582,183.0
30583,290.0
30584,99.0
30585,317.0
30586,502.0
30587,174.0
30588,283.0
30589,453.0
30590,158.0
30591,492.0
30592,784.0
30593,271.0
30594,196.0
30595,312.0
30596,107.0
30597,339.0
30598,541.0
30599,187.0
30600,182.0
30601,288.0
30602,99.0
30603,316.0
30604,501.0
30605,175.0
30606,282.0
30607,451.0
30608,157.0
30609,491.0
30610,780.0
30611,271.0
30612,196.0
30613,311.0
30614,108.0
30615,340.0
30616,539.0
30617,188.0
30618,183.0
30619,287.0
30620,100.0
30621,316.0
30622,500.0
30623,175.0
30624,282.0
30625,448.0
30626,157.0
30627,492.0
30628,776.0
30629,271.0
30630,196.0
30631,310.0
30632,107.0
30633,340.0
30634,538.0
30635,188.0
30636,191.0
30637,301.0
30638,105.0
30639,332.0
30640,522.0
30641,183.0
30642,299.0
30643,470.0
30644,165.0
30645,518.0
30646,815.0
30647,286.0
30648,207.0
30649,326.0
30650,114.0
30651,359.0
30652,564.0
30653,198.0
30654,230.0
30655,359.0
30656,126.0
30657,398.0
30658,619.0
30659,217.0
30660,356.0
30661,557.0
30662,196.0
30663,618.0
30664,966.0
30665,340.0
30666,247.0
30667,386.0
30668,136.0
30669,427.0
30670,669.0
30671,234.0
30672,230.0
30673,357.0
30674,126.0
30675,400.0
30676,618.0
30677,218.0
30678,357.0
30679,557.0
30680,197.0
30681,619.0
30682,966.0
30683,341.0
30684,247.0
30685,384.0
30686,136.0
30687,430.0
30688,666.0
30689,235.0
30690,184.0
30691,284.0
30692,101.0
30693,320.0
30694,493.0
30695,175.0
30696,288.0
30697,445.0
30698,158.0
30699,500.0
30700,773.0
30701,273.0
30702,198.0
30703,307.0
30704,108.0
30705,343.0
30706,532.0
30707,188.0
30708,184.0
30709,282.0
30710,100.0
30711,319.0
30712,493.0
30713,175.0
30714,287.0
30715,442.0
30716,158.0
30717,501.0
30718,771.0
30719,273.0
30720,198.0
30721,305.0
30722,108.0
30723,345.0
30724,531.0
30725,188.0
30726,184.0
30727,281.0
30728,100.0
30729,319.0
30730,490.0
30731,174.0
30732,286.0
30733,439.0
30734,158.0
30735,501.0
30736,765.0
30737,274.0
30738,198.0
30739,304.0
30740,107.0
30741,345.0
30742,529.0
30743,188.0
30744,184.0
30745,280.0
30746,100.0
30747,320.0
30748,490.0
30749,175.0
30750,285.0
30751,437.0
30752,156.0
30753,502.0
30754,762.0
30755,272.0
30756,198.0
30757,303.0
30758,107.0
30759,345.0
30760,528.0
30761,189.0
30762,193.0
30763,296.0
30764,105.0
30765,338.0
30766,515.0
30767,184.0
30768,302.0
30769,459.0
30770,165.0
30771,529.0
30772,806.0
30773,288.0
30774,209.0
30775,318.0
30776,114.0
30777,365.0
30778,555.0
30779,199.0
30780,230.0
30781,350.0
30782,125.0
30783,403.0
30784,611.0
30785,219.0
30786,361.0
30787,547.0
30788,197.0
30789,633.0
30790,957.0
30791,344.0
30792,248.0
30793,378.0
30794,136.0
30795,434.0
30796,659.0
30797,236.0
30798,231.0
30799,349.0
30800,126.0
30801,404.0
30802,608.0
30803,219.0
30804,363.0
30805,547.0
30806,197.0
30807,634.0
30808,953.0
30809,343.0
30810,249.0
30811,377.0
30812,136.0
30813,435.0
30814,656.0
30815,235.0
30816,186.0
30817,278.0
30818,101.0
30819,324.0
30820,486.0
30821,175.0
30822,294.0
30823,438.0
30824,158.0
30825,511.0
30826,763.0
30827,274.0
30828,201.0
30829,301.0
30830,108.0
30831,351.0
30832,525.0
30833,189.0
30834,185.0
30835,276.0
30836,100.0
30837,323.0
30838,485.0
30839,175.0
30840,292.0
30841,435.0
30842,157.0
30843,510.0
30844,761.0
30845,272.0
30846,201.0
30847,300.0
30848,108.0
30849,351.0
30850,523.0
30851,188.0
30852,187.0
30853,277.0
30854,100.0
30855,325.0
30856,485.0
30857,174.0
30858,293.0
30859,436.0
30860,157.0
30861,513.0
30862,759.0
30863,273.0
30864,202.0
30865,300.0
30866,108.0
30867,351.0
30868,522.0
30869,188.0
30870,186.0
30871,276.0
30872,99.0
30873,325.0
30874,483.0
30875,174.0
30876,293.0
30877,434.0
30878,157.0
30879,513.0
30880,758.0
30881,272.0
30882,202.0
30883,299.0
30884,108.0
30885,352.0
30886,522.0
30887,188.0
30888,198.0
30889,292.0
30890,105.0
30891,344.0
30892,508.0
30893,183.0
30894,311.0
30895,458.0
30896,165.0
30897,541.0
30898,796.0
30899,287.0
30900,214.0
30901,315.0
30902,113.0
30903,372.0
30904,548.0
30905,197.0
30906,236.0
30907,348.0
30908,126.0
30909,411.0
30910,604.0
30911,217.0
30912,372.0
30913,545.0
30914,196.0
30915,645.0
30916,946.0
30917,341.0
30918,254.0
30919,375.0
30920,136.0
30921,442.0
30922,651.0
30923,234.0
30924,236.0
30925,347.0
30926,126.0
30927,412.0
30928,603.0
30929,218.0
30930,372.0
30931,543.0
30932,196.0
30933,644.0
30934,942.0
30935,339.0
30936,255.0
30937,374.0
30938,135.0
30939,442.0
30940,650.0
30941,234.0
30942,190.0
30943,279.0
30944,100.0
30945,330.0
30946,483.0
30947,175.0
30948,297.0
30949,433.0
30950,157.0
30951,517.0
30952,753.0
30953,271.0
30954,205.0
30955,299.0
30956,108.0
30957,354.0
30958,519.0
30959,188.0
30960,192.0
30961,279.0
30962,100.0
30963,331.0
30964,483.0
30965,175.0
30966,300.0
30967,434.0
30968,157.0
30969,518.0
30970,752.0
30971,272.0
30972,205.0
30973,299.0
30974,107.0
30975,355.0
30976,518.0
30977,187.0
30978,192.0
30979,279.0
30980,101.0
30981,333.0
30982,483.0
30983,174.0
30984,299.0
30985,433.0
30986,157.0
30987,517.0
30988,750.0
30989,272.0
30990,206.0
30991,298.0
30992,108.0
30993,356.0
30994,517.0
30995,187.0
30996,192.0
30997,277.0
30998,100.0
30999,332.0
31000,481.0
31001,175.0
31002,298.0
31003,431.0
31004,157.0
31005,517.0
31006,749.0
31007,273.0
31008,205.0
31009,297.0
31010,108.0
31011,356.0
31012,517.0
31013,188.0
31014,202.0
31015,292.0
31016,106.0
31017,349.0
31018,506.0
31019,184.0
31020,313.0
31021,453.0
31022,165.0
31023,544.0
31024,786.0
31025,287.0
31026,216.0
31027,312.0
31028,114.0
31029,375.0
31030,543.0
31031,197.0
31032,240.0
31033,344.0
31034,127.0
31035,417.0
31036,600.0
31037,219.0
31038,374.0
31039,537.0
31040,196.0
31041,651.0
31042,934.0
31043,339.0
31044,257.0
31045,371.0
31046,136.0
31047,448.0
31048,646.0
31049,234.0
31050,240.0
31051,343.0
31052,126.0
31053,418.0
31054,599.0
31055,218.0
31056,375.0
31057,537.0
31058,195.0
31059,653.0
31060,934.0
31061,340.0
31062,257.0
31063,371.0
31064,135.0
31065,449.0
31066,646.0
31067,234.0
31068,192.0
31069,274.0
31070,100.0
31071,334.0
31072,479.0
31073,174.0
31074,301.0
31075,429.0
31076,157.0
31077,524.0
31078,747.0
31079,273.0
31080,207.0
31081,296.0
31082,108.0
31083,361.0
31084,515.0
31085,188.0
31086,193.0
31087,275.0
31088,99.0
31089,335.0
31090,479.0
31091,174.0
31092,304.0
31093,431.0
31094,157.0
31095,529.0
31096,748.0
31097,273.0
31098,208.0
31099,296.0
31100,108.0
31101,363.0
31102,515.0
31103,188.0
31104,194.0
31105,275.0
31106,100.0
31107,338.0
31108,478.0
31109,175.0
31110,306.0
31111,430.0
31112,156.0
31113,531.0
31114,747.0
31115,272.0
31116,209.0
31117,296.0
31118,108.0
31119,364.0
31120,515.0
31121,188.0
31122,195.0
31123,275.0
31124,100.0
31125,338.0
31126,478.0
31127,174.0
31128,306.0
31129,430.0
31130,157.0
31131,531.0
31132,747.0
31133,273.0
31134,210.0
31135,296.0
31136,108.0
31137,365.0
31138,515.0
31139,188.0
31140,206.0
31141,290.0
31142,106.0
31143,358.0
31144,502.0
31145,184.0
31146,322.0
31147,453.0
31148,166.0
31149,559.0
31150,786.0
31151,288.0
31152,221.0
31153,312.0
31154,115.0
31155,384.0
31156,541.0
31157,198.0
31158,245.0
31159,345.0
31160,126.0
31161,425.0
31162,597.0
31163,217.0
31164,383.0
31165,537.0
31166,196.0
31167,665.0
31168,932.0
31169,340.0
31170,264.0
31171,371.0
31172,136.0
31173,459.0
31174,643.0
31175,234.0
31176,244.0
31177,343.0
31178,126.0
31179,425.0
31180,596.0
31181,217.0
31182,380.0
31183,532.0
31184,194.0
31185,662.0
31186,927.0
31187,338.0
31188,264.0
31189,370.0
31190,135.0
31191,459.0
31192,643.0
31193,234.0
31194,194.0
31195,274.0
31196,100.0
31197,340.0
31198,476.0
31199,174.0
31200,304.0
31201,427.0
31202,156.0
31203,530.0
31204,743.0
31205,270.0
31206,211.0
31207,295.0
31208,108.0
31209,368.0
31210,514.0
31211,188.0
31212,196.0
31213,274.0
31214,100.0
31215,341.0
31216,477.0
31217,174.0
31218,307.0
31219,428.0
31220,157.0
31221,532.0
31222,739.0
31223,271.0
31224,211.0
31225,296.0
31226,108.0
31227,369.0
31228,514.0
31229,188.0
31230,197.0
31231,274.0
31232,101.0
31233,344.0
31234,477.0
31235,175.0
31236,305.0
31237,426.0
31238,156.0
31239,532.0
31240,738.0
31241,271.0
31242,212.0
31243,296.0
31244,108.0
31245,370.0
31246,514.0
31247,189.0
31248,198.0
31249,275.0
31250,101.0
31251,346.0
31252,479.0
31253,175.0
31254,307.0
31255,426.0
31256,156.0
31257,535.0
31258,742.0
31259,272.0
31260,213.0
31261,296.0
31262,108.0
31263,372.0
31264,515.0
31265,189.0
31266,208.0
31267,288.0
31268,105.0
31269,363.0
31270,503.0
31271,184.0
31272,323.0
31273,451.0
31274,165.0
31275,566.0
31276,785.0
31277,287.0
31278,224.0
31279,312.0
31280,115.0
31281,391.0
31282,541.0
31283,199.0
31284,248.0
31285,344.0
31286,126.0
31287,435.0
31288,599.0
31289,219.0
31290,386.0
31291,532.0
31292,195.0
31293,674.0
31294,929.0
31295,341.0
31296,268.0
31297,370.0
31298,136.0
31299,468.0
31300,646.0
31301,236.0
31302,248.0
31303,343.0
31304,126.0
31305,436.0
31306,599.0
31307,219.0
31308,388.0
31309,532.0
31310,195.0
31311,678.0
31312,930.0
31313,341.0
31314,268.0
31315,369.0
31316,135.0
31317,469.0
31318,645.0
31319,235.0
31320,200.0
31321,274.0
31322,100.0
31323,350.0
31324,478.0
31325,175.0
31326,313.0
31327,429.0
31328,157.0
31329,545.0
31330,749.0
31331,273.0
31332,216.0
31333,296.0
31334,108.0
31335,377.0
31336,516.0
31337,189.0
31338,202.0
31339,276.0
31340,101.0
31341,352.0
31342,481.0
31343,176.0
31344,313.0
31345,430.0
31346,157.0
31347,547.0
31348,749.0
31349,274.0
31350,216.0
31351,296.0
31352,108.0
31353,378.0
31354,516.0
31355,189.0
31356,202.0
31357,275.0
31358,100.0
31359,352.0
31360,481.0
31361,176.0
31362,313.0
31363,427.0
31364,156.0
31365,550.0
31366,749.0
31367,273.0
31368,216.0
31369,295.0
31370,107.0
31371,379.0
31372,516.0
31373,188.0
31374,201.0
31375,275.0
31376,100.0
31377,351.0
31378,482.0
31379,176.0
31380,313.0
31381,428.0
31382,157.0
31383,551.0
31384,750.0
31385,274.0
31386,216.0
31387,294.0
31388,109.0
31389,378.0
31390,516.0
31391,189.0
31392,214.0
31393,291.0
31394,106.0
31395,372.0
31396,507.0
31397,185.0
31398,334.0
31399,452.0
31400,165.0
31401,583.0
31402,791.0
31403,288.0
31404,229.0
31405,312.0
31406,114.0
31407,399.0
31408,545.0
31409,198.0
31410,255.0
31411,346.0
31412,126.0
31413,445.0
31414,606.0
31415,219.0
31416,396.0
31417,537.0
31418,195.0
31419,692.0
31420,940.0
31421,342.0
31422,273.0
31423,371.0
31424,135.0
31425,476.0
31426,649.0
31427,235.0
31428,255.0
31429,346.0
31430,126.0
31431,445.0
31432,605.0
31433,218.0
31434,395.0
31435,538.0
31436,194.0
31437,690.0
31438,943.0
31439,341.0
31440,273.0
31441,371.0
31442,135.0
31443,476.0
31444,648.0
31445,235.0
31446,204.0
31447,277.0
31448,100.0
31449,356.0
31450,483.0
31451,175.0
31452,315.0
31453,430.0
31454,155.0
31455,552.0
31456,753.0
31457,272.0
31458,218.0
31459,297.0
31460,108.0
31461,381.0
31462,519.0
31463,188.0
31464,204.0
31465,277.0
31466,100.0
31467,356.0
31468,483.0
31469,175.0
31470,315.0
31471,430.0
31472,155.0
31473,552.0
31474,750.0
31475,271.0
31476,219.0
31477,297.0
31478,108.0
31479,382.0
31480,519.0
31481,188.0
31482,203.0
31483,277.0
31484,100.0
31485,356.0
31486,482.0
31487,175.0
31488,317.0
31489,430.0
31490,155.0
31491,552.0
31492,751.0
31493,271.0
31494,219.0
31495,298.0
31496,108.0
31497,383.0
31498,520.0
31499,188.0
31500,204.0
31501,277.0
31502,100.0
31503,356.0
31504,482.0
31505,174.0
31506,318.0
31507,430.0
31508,155.0
31509,554.0
31510,750.0
31511,271.0
31512,220.0
31513,298.0
31514,108.0
31515,384.0
31516,520.0
31517,187.0
31518,214.0
31519,290.0
31520,106.0
31521,375.0
31522,507.0
31523,183.0
31524,335.0
31525,453.0
31526,164.0
31527,586.0
31528,790.0
31529,286.0
31530,232.0
31531,314.0
31532,114.0
31533,406.0
31534,548.0
31535,198.0
31536,257.0
31537,347.0
31538,126.0
31539,448.0
31540,604.0
31541,218.0
31542,403.0
31543,544.0
31544,196.0
31545,701.0
31546,946.0
31547,341.0
31548,278.0
31549,375.0
31550,136.0
31551,484.0
31552,653.0
31553,236.0
31554,257.0
31555,347.0
31556,126.0
31557,450.0
31558,606.0
31559,217.0
31560,404.0
31561,544.0
31562,195.0
31563,702.0
31564,945.0
31565,341.0
31566,278.0
31567,375.0
31568,136.0
31569,487.0
31570,653.0
31571,236.0
31572,209.0
31573,281.0
31574,102.0
31575,365.0
31576,489.0
31577,177.0
31578,328.0
31579,441.0
31580,158.0
31581,574.0
31582,771.0
31583,276.0
31584,224.0
31585,302.0
31586,110.0
31587,393.0
31588,527.0
31589,190.0
31590,208.0
31591,280.0
31592,100.0
31593,363.0
31594,486.0
31595,176.0
31596,327.0
31597,439.0
31598,158.0
31599,571.0
31600,766.0
31601,275.0
31602,224.0
31603,301.0
31604,109.0
31605,392.0
31606,526.0
31607,188.0
31608,206.0
31609,279.0
31610,100.0
31611,362.0
31612,487.0
31613,175.0
31614,327.0
31615,440.0
31616,158.0
31617,571.0
31618,766.0
31619,275.0
31620,224.0
31621,301.0
31622,108.0
31623,391.0
31624,526.0
31625,188.0
31626,208.0
31627,280.0
31628,101.0
31629,363.0
31630,488.0
31631,176.0
31632,327.0
31633,438.0
31634,158.0
31635,572.0
31636,764.0
31637,274.0
31638,224.0
31639,302.0
31640,109.0
31641,393.0
31642,526.0
31643,188.0
31644,219.0
31645,296.0
31646,106.0
31647,385.0
31648,516.0
31649,184.0
31650,343.0
31651,460.0
31652,165.0
31653,601.0
31654,804.0
31655,288.0
31656,237.0
31657,318.0
31658,114.0
31659,413.0
31660,555.0
31661,198.0
31662,264.0
31663,353.0
31664,127.0
31665,458.0
31666,613.0
31667,219.0
31668,409.0
31669,549.0
31670,196.0
31671,716.0
31672,955.0
31673,343.0
31674,282.0
31675,378.0
31676,136.0
31677,491.0
31678,657.0
31679,236.0
31680,264.0
31681,353.0
31682,127.0
31683,458.0
31684,614.0
31685,219.0
31686,411.0
31687,550.0
31688,195.0
31689,717.0
31690,960.0
31691,343.0
31692,283.0
31693,378.0
31694,135.0
31695,491.0
31696,658.0
31697,235.0
31698,211.0
31699,283.0
31700,102.0
31701,367.0
31702,492.0
31703,176.0
31704,330.0
31705,443.0
31706,158.0
31707,574.0
31708,773.0
31709,274.0
31710,226.0
31711,305.0
31712,109.0
31713,395.0
31714,529.0
31715,188.0
31716,210.0
31717,283.0
31718,101.0
31719,367.0
31720,493.0
31721,175.0
31722,329.0
31723,442.0
31724,157.0
31725,575.0
31726,770.0
31727,274.0
31728,227.0
31729,304.0
31730,108.0
31731,395.0
31732,531.0
31733,188.0
31734,211.0
31735,284.0
31736,102.0
31737,368.0
31738,493.0
31739,175.0
31740,329.0
31741,442.0
31742,156.0
31743,574.0
31744,772.0
31745,273.0
31746,227.0
31747,306.0
31748,109.0
31749,397.0
31750,532.0
31751,188.0
31752,212.0
31753,285.0
31754,101.0
31755,370.0
31756,496.0
31757,175.0
31758,333.0
31759,445.0
31760,158.0
31761,580.0
31762,774.0
31763,274.0
31764,229.0
31765,307.0
31766,109.0
31767,399.0
31768,534.0
31769,188.0
31770,222.0
31771,300.0
31772,106.0
31773,389.0
31774,521.0
31775,183.0
31776,351.0
31777,470.0
31778,165.0
31779,609.0
31780,816.0
31781,287.0
31782,241.0
31783,325.0
31784,115.0
31785,421.0
31786,565.0
31787,198.0
31788,267.0
31789,360.0
31790,127.0
31791,467.0
31792,626.0
31793,219.0
31794,417.0
31795,562.0
31796,198.0
31797,729.0
31798,980.0
31799,343.0
31800,289.0
31801,390.0
31802,137.0
31803,505.0
31804,676.0
31805,237.0
31806,274.0
31807,366.0
31808,129.0
31809,475.0
31810,636.0
31811,224.0
31812,421.0
31813,564.0
31814,198.0
31815,731.0
31816,980.0
31817,344.0
31818,294.0
31819,395.0
31820,138.0
31821,511.0
31822,684.0
31823,240.0
31824,232.0
31825,310.0
31826,109.0
31827,404.0
31828,539.0
31829,187.0
31830,341.0
31831,455.0
31832,159.0
31833,592.0
31834,789.0
31835,276.0
31836,249.0
31837,333.0
31838,116.0
31839,432.0
31840,577.0
31841,200.0
31842,240.0
31843,318.0
31844,112.0
31845,414.0
31846,549.0
31847,191.0
31848,345.0
31849,459.0
31850,160.0
31851,598.0
31852,793.0
31853,277.0
31854,253.0
31855,337.0
31856,119.0
31857,439.0
31858,584.0
31859,204.0
31860,244.0
31861,325.0
31862,113.0
31863,422.0
31864,560.0
31865,195.0
31866,343.0
31867,457.0
31868,160.0
31869,595.0
31870,792.0
31871,275.0
31872,257.0
31873,343.0
31874,121.0
31875,446.0
31876,592.0
31877,207.0
31878,245.0
31879,326.0
31880,114.0
31881,423.0
31882,561.0
31883,195.0
31884,342.0
31885,457.0
31886,158.0
31887,596.0
31888,794.0
31889,275.0
31890,258.0
31891,344.0
31892,121.0
31893,447.0
31894,594.0
31895,207.0
31896,256.0
31897,340.0
31898,119.0
31899,442.0
31900,587.0
31901,204.0
31902,362.0
31903,485.0
31904,169.0
31905,628.0
31906,841.0
31907,293.0
31908,270.0
31909,360.0
31910,126.0
31911,467.0
31912,622.0
31913,218.0
31914,297.0
31915,396.0
31916,137.0
31917,514.0
31918,684.0
31919,238.0
31920,427.0
31921,574.0
31922,198.0
31923,741.0
31924,997.0
31925,345.0
31926,315.0
31927,422.0
31928,146.0
31929,547.0
31930,731.0
31931,255.0
31932,288.0
31933,386.0
31934,133.0
31935,498.0
31936,668.0
31937,231.0
31938,426.0
31939,573.0
31940,197.0
31941,742.0
31942,997.0
31943,345.0
31944,307.0
31945,412.0
31946,143.0
31947,533.0
31948,714.0
31949,248.0
31950,222.0
31951,300.0
31952,104.0
31953,388.0
31954,522.0
31955,179.0
31956,342.0
31957,460.0
31958,159.0
31959,597.0
31960,804.0
31961,277.0
31962,239.0
31963,323.0
31964,112.0
31965,416.0
31966,561.0
31967,193.0
31968,222.0
31969,298.0
31970,102.0
31971,386.0
31972,518.0
31973,177.0
31974,337.0
31975,456.0
31976,157.0
31977,592.0
31978,799.0
31979,274.0
31980,236.0
31981,319.0
31982,110.0
31983,412.0
31984,555.0
31985,190.0
31986,220.0
31987,298.0
31988,102.0
31989,383.0
31990,517.0
31991,177.0
31992,337.0
31993,457.0
31994,156.0
31995,593.0
31996,799.0
31997,273.0
31998,235.0
31999,319.0
32000,109.0
32001,412.0
32002,556.0
32003,190.0
32004,219.0
32005,296.0
32006,102.0
32007,383.0
32008,516.0
32009,176.0
32010,339.0
32011,458.0
32012,157.0
32013,594.0
32014,802.0
32015,274.0
32016,237.0
32017,320.0
32018,110.0
32019,413.0
32020,556.0
32021,189.0
32022,233.0
32023,314.0
32024,108.0
32025,405.0
32026,545.0
32027,186.0
32028,361.0
32029,486.0
32030,166.0
32031,627.0
32032,846.0
32033,289.0
32034,250.0
32035,337.0
32036,115.0
32037,434.0
32038,586.0
32039,199.0
32040,275.0
32041,373.0
32042,126.0
32043,480.0
32044,647.0
32045,220.0
32046,431.0
32047,581.0
32048,197.0
32049,749.0
32050,1009.0
32051,343.0
32052,297.0
32053,402.0
32054,136.0
32055,518.0
32056,699.0
32057,237.0
32058,274.0
32059,373.0
32060,126.0
32061,477.0
32062,647.0
32063,219.0
32064,431.0
32065,583.0
32066,196.0
32067,750.0
32068,1012.0
32069,342.0
32070,297.0
32071,403.0
32072,136.0
32073,517.0
32074,700.0
32075,236.0
32076,222.0
32077,301.0
32078,102.0
32079,386.0
32080,523.0
32081,176.0
32082,347.0
32083,472.0
32084,158.0
32085,604.0
32086,818.0
32087,275.0
32088,238.0
32089,324.0
32090,109.0
32091,415.0
32092,563.0
32093,189.0
32094,222.0
32095,302.0
32096,103.0
32097,386.0
32098,525.0
32099,177.0
32100,346.0
32101,471.0
32102,159.0
32103,602.0
32104,817.0
32105,277.0
32106,239.0
32107,325.0
32108,110.0
32109,415.0
32110,566.0
32111,189.0
32112,221.0
32113,302.0
32114,102.0
32115,386.0
32116,525.0
32117,175.0
32118,345.0
32119,471.0
32120,157.0
32121,601.0
32122,818.0
32123,274.0
32124,238.0
32125,325.0
32126,109.0
32127,414.0
32128,565.0
32129,188.0
32130,222.0
32131,303.0
32132,101.0
32133,386.0
32134,528.0
32135,176.0
32136,345.0
32137,472.0
32138,157.0
32139,600.0
32140,819.0
32141,273.0
32142,238.0
32143,326.0
32144,109.0
32145,415.0
32146,566.0
32147,188.0
32148,234.0
32149,320.0
32150,107.0
32151,409.0
32152,557.0
32153,184.0
32154,364.0
32155,498.0
32156,165.0
32157,636.0
32158,866.0
32159,288.0
32160,251.0
32161,345.0
32162,115.0
32163,438.0
32164,598.0
32165,198.0
32166,279.0
32167,382.0
32168,126.0
32169,485.0
32170,664.0
32171,220.0
32172,430.0
32173,592.0
32174,196.0
32175,751.0
32176,1031.0
32177,341.0
32178,300.0
32179,411.0
32180,136.0
32181,521.0
32182,714.0
32183,236.0
32184,277.0
32185,382.0
32186,125.0
32187,482.0
32188,662.0
32189,217.0
32190,429.0
32191,592.0
32192,194.0
32193,748.0
32194,1029.0
32195,339.0
32196,300.0
32197,413.0
32198,136.0
32199,521.0
32200,716.0
32201,236.0
32202,222.0
32203,306.0
32204,100.0
32205,385.0
32206,533.0
32207,174.0
32208,345.0
32209,476.0
32210,156.0
32211,598.0
32212,827.0
32213,271.0
32214,240.0
32215,331.0
32216,109.0
32217,416.0
32218,576.0
32219,188.0
32220,222.0
32221,307.0
32222,100.0
32223,387.0
32224,534.0
32225,174.0
32226,346.0
32227,477.0
32228,156.0
32229,600.0
32230,831.0
32231,272.0
32232,240.0
32233,332.0
32234,109.0
32235,417.0
32236,577.0
32237,187.0
32238,224.0
32239,310.0
32240,101.0
32241,388.0
32242,536.0
32243,175.0
32244,347.0
32245,482.0
32246,156.0
32247,602.0
32248,833.0
32249,273.0
32250,241.0
32251,334.0
32252,109.0
32253,418.0
32254,579.0
32255,188.0
32256,224.0
32257,311.0
32258,101.0
32259,389.0
32260,539.0
32261,175.0
32262,349.0
32263,484.0
32264,156.0
32265,604.0
32266,839.0
32267,273.0
32268,241.0
32269,335.0
32270,109.0
32271,419.0
32272,581.0
32273,188.0
32274,236.0
32275,327.0
32276,106.0
32277,409.0
32278,567.0
32279,183.0
32280,367.0
32281,510.0
32282,163.0
32283,639.0
32284,885.0
32285,286.0
32286,254.0
32287,353.0
32288,114.0
32289,441.0
32290,612.0
32291,197.0
32292,280.0
32293,390.0
32294,126.0
32295,488.0
32296,678.0
32297,219.0
32298,437.0
32299,609.0
32300,196.0
32301,761.0
32302,1057.0
32303,341.0
32304,302.0
32305,419.0
32306,136.0
32307,525.0
32308,729.0
32309,235.0
32310,281.0
32311,393.0
32312,126.0
32313,489.0
32314,682.0
32315,219.0
32316,437.0
32317,610.0
32318,196.0
32319,761.0
32320,1060.0
32321,342.0
32322,302.0
32323,422.0
32324,136.0
32325,526.0
32326,737.0
32327,237.0
32328,225.0
32329,314.0
32330,102.0
32331,391.0
32332,546.0
32333,176.0
32334,351.0
32335,490.0
32336,156.0
32337,610.0
32338,851.0
32339,274.0
32340,242.0
32341,339.0
32342,109.0
32343,421.0
32344,588.0
32345,189.0
32346,224.0
32347,314.0
32348,101.0
32349,391.0
32350,548.0
32351,176.0
32352,351.0
32353,492.0
32354,157.0
32355,611.0
32356,856.0
32357,275.0
32358,242.0
32359,340.0
32360,109.0
32361,421.0
32362,591.0
32363,190.0
32364,223.0
32365,315.0
32366,101.0
32367,392.0
32368,550.0
32369,176.0
32370,349.0
32371,491.0
32372,156.0
32373,612.0
32374,861.0
32375,276.0
32376,241.0
32377,340.0
32378,109.0
32379,421.0
32380,594.0
32381,189.0
32382,225.0
32383,316.0
32384,101.0
32385,393.0
32386,552.0
32387,176.0
32388,351.0
32389,494.0
32390,158.0
32391,613.0
32392,863.0
32393,276.0
32394,241.0
32395,341.0
32396,109.0
32397,422.0
32398,595.0
32399,189.0
32400,244.0
32401,345.0
32402,110.0
32403,426.0
32404,599.0
32405,190.0
32406,372.0
32407,524.0
32408,166.0
32409,647.0
32410,910.0
32411,290.0
32412,255.0
32413,361.0
32414,115.0
32415,445.0
32416,628.0
32417,200.0
32418,289.0
32419,409.0
32420,129.0
32421,506.0
32422,712.0
32423,225.0
32424,441.0
32425,624.0
32426,197.0
32427,770.0
32428,1086.0
32429,344.0
32430,304.0
32431,429.0
32432,136.0
32433,531.0
32434,749.0
32435,237.0
32436,298.0
32437,421.0
32438,132.0
32439,520.0
32440,734.0
32441,231.0
32442,440.0
32443,625.0
32444,197.0
32445,768.0
32446,1085.0
32447,342.0
32448,305.0
32449,432.0
32450,136.0
32451,531.0
32452,751.0
32453,236.0
32454,252.0
32455,360.0
32456,113.0
32457,439.0
32458,624.0
32459,196.0
32460,351.0
32461,501.0
32462,158.0
32463,613.0
32464,870.0
32465,274.0
32466,243.0
32467,347.0
32468,109.0
32469,423.0
32470,603.0
32471,188.0
32472,259.0
32473,369.0
32474,116.0
32475,450.0
32476,642.0
32477,200.0
32478,351.0
32479,502.0
32480,156.0
32481,612.0
32482,872.0
32483,272.0
32484,243.0
32485,349.0
32486,109.0
32487,422.0
32488,605.0
32489,187.0
32490,268.0
32491,384.0
32492,120.0
32493,467.0
32494,665.0
32495,207.0
32496,352.0
32497,504.0
32498,156.0
32499,615.0
32500,877.0
32501,273.0
32502,243.0
32503,350.0
32504,109.0
32505,423.0
32506,607.0
32507,188.0
32508,256.0
32509,367.0
32510,113.0
32511,442.0
32512,634.0
32513,196.0
32514,356.0
32515,510.0
32516,157.0
32517,617.0
32518,883.0
32519,274.0
32520,245.0
32521,353.0
32522,109.0
32523,425.0
32524,609.0
32525,188.0
32526,261.0
32527,375.0
32528,116.0
32529,452.0
32530,646.0
32531,200.0
32532,375.0
32533,538.0
32534,166.0
32535,650.0
32536,932.0
32537,288.0
32538,258.0
32539,371.0
32540,115.0
32541,447.0
32542,643.0
32543,198.0
32544,289.0
32545,415.0
32546,128.0
32547,500.0
32548,719.0
32549,222.0
32550,446.0
32551,642.0
32552,198.0
32553,773.0
32554,1114.0
32555,344.0
32556,306.0
32557,441.0
32558,136.0
32559,531.0
32560,767.0
32561,236.0
32562,288.0
32563,414.0
32564,128.0
32565,500.0
32566,722.0
32567,222.0
32568,448.0
32569,644.0
32570,198.0
32571,775.0
32572,1120.0
32573,344.0
32574,306.0
32575,443.0
32576,136.0
32577,532.0
32578,769.0
32579,236.0
32580,227.0
32581,332.0
32582,102.0
32583,398.0
32584,577.0
32585,177.0
32586,355.0
32587,516.0
32588,158.0
32589,622.0
32590,900.0
32591,277.0
32592,244.0
32593,355.0
32594,109.0
32595,425.0
32596,617.0
32597,188.0
32598,227.0
32599,334.0
32600,103.0
32601,397.0
32602,582.0
32603,178.0
32604,355.0
32605,517.0
32606,158.0
32607,621.0
32608,902.0
32609,277.0
32610,243.0
32611,356.0
32612,109.0
32613,426.0
32614,620.0
32615,190.0
32616,227.0
32617,333.0
32618,102.0
32619,396.0
32620,581.0
32621,176.0
32622,354.0
32623,517.0
32624,158.0
32625,619.0
32626,904.0
32627,277.0
32628,243.0
32629,357.0
32630,109.0
32631,426.0
32632,623.0
32633,190.0
32634,227.0
32635,334.0
32636,102.0
32637,397.0
32638,584.0
32639,177.0
32640,355.0
32641,519.0
32642,158.0
32643,621.0
32644,908.0
32645,276.0
32646,244.0
32647,358.0
32648,109.0
32649,427.0
32650,626.0
32651,190.0
32652,239.0
32653,352.0
32654,106.0
32655,420.0
32656,615.0
32657,185.0
32658,375.0
32659,548.0
32660,165.0
32661,657.0
32662,958.0
32663,289.0
32664,258.0
32665,379.0
32666,114.0
32667,452.0
32668,661.0
32669,200.0
32670,287.0
32671,422.0
32672,127.0
32673,500.0
32674,734.0
32675,221.0
32676,449.0
32677,656.0
32678,198.0
32679,780.0
32680,1144.0
32681,346.0
32682,308.0
32683,454.0
32684,137.0
32685,537.0
32686,789.0
32687,238.0
32688,286.0
32689,423.0
32690,127.0
32691,498.0
32692,736.0
32693,220.0
32694,448.0
32695,659.0
32696,198.0
32697,780.0
32698,1148.0
32699,346.0
32700,308.0
32701,455.0
32702,136.0
32703,537.0
32704,794.0
32705,238.0
32706,229.0
32707,340.0
32708,101.0
32709,400.0
32710,593.0
32711,176.0
32712,358.0
32713,528.0
32714,157.0
32715,624.0
32716,923.0
32717,276.0
32718,247.0
32719,365.0
32720,109.0
32721,430.0
32722,637.0
32723,190.0
32724,231.0
32725,344.0
32726,103.0
32727,403.0
32728,599.0
32729,177.0
32730,357.0
32731,530.0
32732,157.0
32733,626.0
32734,928.0
32735,275.0
32736,249.0
32737,368.0
32738,110.0
32739,434.0
32740,643.0
32741,192.0
32742,258.0
32743,385.0
32744,114.0
32745,451.0
32746,672.0
32747,198.0
32748,384.0
32749,579.0
32750,169.0
32751,675.0
32752,1012.0
32753,297.0
32754,277.0
32755,414.0
32756,122.0
32757,484.0
32758,723.0
32759,213.0
32760,312.0
32761,467.0
32762,137.0
32763,542.0
32764,811.0
32765,240.0
32766,443.0
32767,665.0
32768,196.0
32769,776.0
32770,1161.0
32771,342.0
32772,334.0
32773,500.0
32774,147.0
32775,582.0
32776,869.0
32777,257.0
32778,414.0
32779,622.0
32780,182.0
32781,722.0
32782,1086.0
32783,319.0
32784,599.0
32785,903.0
32786,266.0
32787,1051.0
32788,1579.0
32789,464.0
32790,444.0
32791,668.0
32792,196.0
32793,775.0
32794,1165.0
32795,343.0
32796,624.0
32797,942.0
32798,276.0
32799,1092.0
32800,1638.0
32801,482.0
32802,884.0
32803,1340.0
32804,393.0
32805,1551.0
32806,2345.0
32807,691.0
32808,669.0
32809,1008.0
32810,296.0
32811,1172.0
32812,1759.0
32813,517.0
32814,708.0
32815,1071.0
32816,314.0
32817,1238.0
32818,1868.0
32819,546.0
32820,1023.0
32821,1555.0
32822,454.0
32823,1792.0
32824,2715.0
32825,794.0
32826,762.0
32827,1149.0
32828,336.0
32829,1330.0
32830,2006.0
32831,589.0
32832,568.0
32833,866.0
32834,252.0
32835,986.0
32836,1505.0
32837,439.0
32838,826.0
32839,1270.0
32840,368.0
32841,1444.0
32842,2212.0
32843,643.0
32844,606.0
32845,931.0
32846,271.0
32847,1059.0
32848,1618.0
32849,471.0
32850,490.0
32851,755.0
32852,220.0
32853,850.0
32854,1307.0
32855,379.0
32856,720.0
32857,1114.0
32858,323.0
32859,1260.0
32860,1941.0
32861,564.0
32862,524.0
32863,809.0
32864,235.0
32865,917.0
32866,1410.0
32867,410.0
